"customer_id","customer_name","segment"
SC-200501,Sample Company A,Home Office
KB-162401,Karen Bern,Corporate
EM-38252,Elizabeth Moffitt,Corporate
VP-217303,Victor Preis,Home Office
JE-156103,Jim Epp,Corporate
MF-82502,Monica Federle,Corporate
KC-62552,Karen Carlisle,Corporate
JM-156554,Jim Mitchum,Corporate
SL-201552,Sara Luxemburg,Home Office
MK-79053,Michael Kennedy,Corporate
LS-69752,Lindsay Shagiari,Home Office
LW-168254,Laurel Workman,Corporate
DK-128353,Damala Kotsonis,Corporate
LR-70352,Lisa Ryan,Corporate
MC-174252,Mark Cousins,Corporate
KN-163901,Katherine Nockton,Corporate
KE-164203,Katrina Edelman,Corporate
KH-166902,Kristen Hastings,Corporate
ME-173203,Maria Etezadi,Home Office
MG-178901,Michael Granlund,Home Office
MS-179801,Michael Stewart,Corporate
AH-100751,Adam Hart,Corporate
CR-126253,Corey Roper,Home Office
GM-146954,Greg Maxwell,Corporate
RW-195404,Rick Wilson,Corporate
CH-120704,Cathy Hwang,Home Office
BF-10052,Barry Franz,Home Office
BS-18001,Bryan Spruell,Home Office
EA-40351,Erin Ashbrook,Corporate
DB-132703,Deborah Brumfield,Home Office
CM-126554,Corinna Mitchell,Home Office
AO-108101,Anthony O'Donnell,Corporate
PC-190002,Pauline Chand,Home Office
LW-69902,Lindsay Williams,Corporate
VG-218054,Vivek Grady,Corporate
KB-65851,Ken Black,Corporate
DW-135851,Dorothy Wardle,Corporate
MC-175903,Matt Collister,Corporate
GM-44551,Gary Mitchum,Home Office
HE-148004,Harold Engle,Corporate
AC-104203,Alyssa Crouse,Corporate
SM-103202,Sean Miller,Home Office
SW-207554,Steven Ward,Corporate
MH-77851,Maya Herman,Corporate
BP-110954,Bart Pistole,Corporate
NH-186101,Nicole Hansen,Corporate
PV-189853,Paul Van Hugh,Home Office
JK-161203,Julie Kriz,Home Office
BT-113054,Beth Thompson,Home Office
RP-98552,Roy Phan,Corporate
HW-49352,Helen Wasserman,Corporate
JS-156851,Jim Sink,Corporate
HK-148902,Heather Kirkland,Corporate
MH-181151,Mick Hernandez,Home Office
JL-151752,James Lanier,Home Office
KF-62852,Karen Ferguson,Home Office
PW-190304,Pauline Webber,Corporate
JG-153101,Jason Gross,Corporate
KB-166003,Ken Brennan,Corporate
JS-56851,Jim Sink,Corporate
ON-87152,Odella Nelson,Corporate
SD-204853,Shirley Daniels,Home Office
MH-81152,Mick Hernandez,Home Office
JS-59401,Joni Sundaresam,Home Office
PH-87901,Patricia Hirasaki,Home Office
DB-129102,Daniel Byrd,Home Office
KC-166753,Kimberly Carter,Corporate
SR-104252,Sharelle Roach,Home Office
BP-111853,Ben Peterman,Corporate
MO-78002,Meg O'Connel,Home Office
MC-175904,Matt Collister,Corporate
CJ-118752,Carl Jackson,Corporate
CS-18452,Cari Sayre,Corporate
JE-161651,Justin Ellison,Corporate
AS-102253,Alan Schoenberger,Corporate
GM-44552,Gary Mitchum,Home Office
AG-104951,Andrew Gjertsen,Corporate
MP-179653,Michael Paige,Corporate
BP-110504,Barry Pond,Corporate
DP-133904,Dennis Pardue,Home Office
BO-113502,Bill Overfelt,Corporate
MC-181302,Mike Caudle,Corporate
LS-169754,Lindsay Shagiari,Home Office
MF-76651,Maureen Fritzler,Corporate
AT-104354,Alyssa Tate,Home Office
HG-49651,Henry Goldwyn,Corporate
TT-214602,Tonja Turnell,Home Office
CC-26101,Corey Catlett,Corporate
PA-190601,Pete Armstrong,Home Office
MC-176052,Matt Connell,Corporate
NH-86102,Nicole Hansen,Corporate
DH-36753,Duane Huffman,Home Office
GM-146953,Greg Maxwell,Corporate
MC-176353,Matthew Clasen,Corporate
RB-196451,Robert Barroso,Corporate
TS-111602,Theresa Swint,Corporate
CS-121754,Charles Sheldon,Corporate
ML-73952,Marina Lichtenstein,Corporate
TC-211452,Theresa Coyne,Corporate
JM-52652,Janet Molinari,Corporate
VP-117302,Victor Preis,Home Office
EB-137501,Edward Becker,Corporate
AB-106002,Ann Blume,Corporate
NZ-185654,Nick Zandusky,Home Office
AH-106904,Anna Häberlin,Corporate
AH-752,Adam Hart,Corporate
PS-89702,Paul Stevenson,Home Office
DR-28801,Dan Reichenbach,Corporate
LB-167954,Laurel Beltran,Home Office
DB-131204,David Bremer,Corporate
JK-56402,Jim Kriz,Home Office
NB-185804,Nicole Brennan,Corporate
BF-109752,Barbara Fisher,Corporate
EA-140354,Erin Ashbrook,Corporate
TT-212653,Tim Taslimi,Corporate
RP-198553,Roy Phan,Corporate
BS-15901,Brendan Sweed,Corporate
SD-104851,Shirley Daniels,Home Office
NG-183552,Nat Gilpin,Corporate
PN-87751,Parhena Norris,Home Office
ES-40801,Erin Smith,Corporate
CR-25802,Clay Rozendal,Home Office
DJ-134202,Denny Joy,Corporate
LC-169304,Linda Cazamias,Corporate
MC-76351,Matthew Clasen,Corporate
NC-185352,Nick Crebassa,Corporate
DS-131802,David Smith,Corporate
SS-101402,Saphhira Shifley,Corporate
AS-106301,Ann Steele,Home Office
AT-104351,Alyssa Tate,Home Office
TH-115502,Tracy Hopkins,Home Office
PS-189701,Paul Stevenson,Home Office
AR-108251,Anthony Rawles,Corporate
GD-145904,Giulietta Dortch,Corporate
KN-167054,Kristina Nunn,Home Office
JO-51452,Jack O'Briant,Corporate
RD-98102,Ross DeVincentis,Home Office
JG-53101,Jason Gross,Corporate
BT-115302,Bradley Talbott,Home Office
ML-77552,Max Ludwig,Home Office
MH-181152,Mick Hernandez,Home Office
ER-138551,Elpida Rittenbach,Corporate
BP-110501,Barry Pond,Corporate
AD-101801,Alan Dominguez,Home Office
GM-144551,Gary Mitchum,Home Office
AG-104953,Andrew Gjertsen,Corporate
AP-107204,Anne Pryor,Home Office
PB-92102,Phillip Breyer,Corporate
EK-37952,Eileen Kiefer,Home Office
PB-192104,Phillip Breyer,Corporate
RD-96602,Robert Dilbeck,Home Office
AW-109304,Arthur Wiediger,Home Office
LS-172004,Luke Schmidt,Corporate
KB-165852,Ken Black,Corporate
DB-133603,Dennis Bolton,Home Office
SC-104402,Shaun Chance,Corporate
DL-134953,Dionis Lloyd,Corporate
VB-117451,Victoria Brennan,Corporate
ON-187154,Odella Nelson,Corporate
SB-202903,Sean Braxton,Corporate
CB-25352,Claudia Bergmann,Corporate
LC-169602,Lindsay Castell,Home Office
SM-209504,Suzanne McNair,Corporate
JR-162104,Justin Ritter,Corporate
RB-96451,Robert Barroso,Corporate
MS-179804,Michael Stewart,Corporate
BF-111702,Ben Ferrer,Home Office
KB-166002,Ken Brennan,Corporate
KH-66302,Ken Heidel,Corporate
BG-16951,Brooke Gillingham,Corporate
SH-199754,Sally Hughsby,Corporate
DR-29402,Daniel Raglin,Home Office
MG-182053,Mitch Gastineau,Corporate
CM-18302,Cari MacIntyre,Corporate
BG-116951,Brooke Gillingham,Corporate
SP-208603,Sung Pak,Corporate
GH-144851,Gene Hale,Corporate
AG-103004,Aleksandra Gannaway,Corporate
HH-50102,Hilary Holden,Corporate
CR-125804,Clay Rozendal,Home Office
CM-118302,Cari MacIntyre,Corporate
PA-90601,Pete Armstrong,Home Office
SP-205454,Sibella Parks,Corporate
TH-215504,Tracy Hopkins,Home Office
DM-35251,Don Miller,Corporate
MA-179951,Michelle Arnett,Home Office
NB-85801,Nicole Brennan,Corporate
AS-102251,Alan Schoenberger,Corporate
MG-178752,Michael Grace,Home Office
CY-127452,Craig Yedwab,Corporate
ND-84603,Neil Ducich,Corporate
BF-11702,Ben Ferrer,Home Office
BM-115752,Brendan Murry,Corporate
EB-38401,Ellis Ballard,Corporate
SG-108902,Susan Gilcrest,Corporate
DJ-135103,Don Jones,Corporate
HP-48151,Harold Pawlan,Home Office
DS-130304,Darrin Sayre,Home Office
JO-51451,Jack O'Briant,Corporate
CA-119652,Carol Adams,Corporate
HR-148301,Harold Ryan,Corporate
RA-198852,Ruben Ausman,Corporate
SS-201401,Saphhira Shifley,Corporate
LS-69451,Linda Southworth,Corporate
MG-182052,Mitch Gastineau,Corporate
BP-110951,Bart Pistole,Corporate
DA-134504,Dianna Arnett,Home Office
BT-114854,Brad Thomas,Home Office
SC-206954,Steve Chapman,Corporate
KN-63901,Katherine Nockton,Corporate
VM-216851,Valerie Mitchum,Home Office
CW-119054,Carl Weiss,Home Office
JC-61052,Julie Creighton,Corporate
EB-137502,Edward Becker,Corporate
KM-163754,Katherine Murray,Home Office
MF-182502,Monica Federle,Corporate
AG-105251,Andy Gerbode,Corporate
TN-110401,Tanja Norvell,Home Office
AB-106003,Ann Blume,Corporate
AS-1352,Adrian Shami,Home Office
GM-146952,Greg Maxwell,Corporate
MZ-173353,Maria Zettner,Home Office
DV-130453,Darrin Van Huff,Corporate
TS-213702,Todd Sumrall,Corporate
FM-142153,Filia McAdams,Corporate
CA-120554,Cathy Armstrong,Home Office
MR-175452,Mathew Reese,Home Office
KF-162853,Karen Ferguson,Home Office
PA-190602,Pete Armstrong,Home Office
PK-189102,Paul Knutson,Home Office
JP-154604,Jennifer Patt,Corporate
ES-140801,Erin Smith,Corporate
NB-186553,Nona Balk,Corporate
JO-151454,Jack O'Briant,Corporate
JK-156401,Jim Kriz,Home Office
BT-14851,Brad Thomas,Home Office
TN-210402,Tanja Norvell,Home Office
MY-173803,Maribeth Yedwab,Corporate
BE-114554,Brad Eason,Home Office
AY-105554,Andy Yotov,Corporate
AR-104054,Allen Rosenblatt,Corporate
TC-215352,Tracy Collins,Home Office
MZ-175151,Mary Zewe,Corporate
MH-177852,Maya Herman,Corporate
GH-144852,Gene Hale,Corporate
NF-185951,Nicole Fjeld,Home Office
SP-106502,Stephanie Phelps,Corporate
SP-206204,Stefania Perrino,Corporate
HR-147701,Hallie Redmond,Home Office
BP-110953,Bart Pistole,Corporate
MZ-173352,Maria Zettner,Home Office
MH-81151,Mick Hernandez,Home Office
MO-178002,Meg O'Connel,Home Office
BB-115452,Brenda Bowman,Corporate
FH-43651,Fred Hopkins,Corporate
DP-131054,Dave Poirier,Corporate
DW-134802,Dianna Wilson,Home Office
AG-107654,Anthony Garverick,Home Office
KN-163902,Katherine Nockton,Corporate
PP-89551,Paul Prost,Home Office
SS-205152,Shirley Schmidt,Home Office
DB-129702,Darren Budd,Corporate
SJ-101253,Sanjit Jacobs,Home Office
FC-142451,Frank Carlisle,Home Office
RS-197652,Roland Schwarz,Corporate
DB-135553,Dorothy Badders,Corporate
RA-98851,Ruben Ausman,Corporate
JB-160454,Julia Barnett,Home Office
AC-106152,Ann Chong,Corporate
EK-137952,Eileen Kiefer,Home Office
TZ-114452,Tom Zandusky,Corporate
ML-177551,Max Ludwig,Home Office
AS-100454,Aaron Smayling,Corporate
FM-142903,Frank Merwin,Home Office
GK-46202,Grace Kelly,Corporate
PS-89701,Paul Stevenson,Home Office
PC-190004,Pauline Chand,Home Office
SG-208902,Susan Gilcrest,Corporate
SC-204403,Shaun Chance,Corporate
CJ-118754,Carl Jackson,Corporate
GP-147401,Guy Phonely,Corporate
MK-179053,Michael Kennedy,Corporate
KD-64951,Keith Dawkins,Corporate
FH-142751,Frank Hawley,Corporate
GM-144553,Gary Mitchum,Home Office
MP-179654,Michael Paige,Corporate
AS-2253,Alan Schoenberger,Corporate
GZ-145451,George Zrebassa,Corporate
BM-15752,Brendan Murry,Corporate
MP-81752,Mike Pelletier,Home Office
CV-128053,Cynthia Voltz,Corporate
JS-155953,Jill Stevenson,Corporate
DP-133901,Dennis Pardue,Home Office
TP-215654,Tracy Poddar,Corporate
TS-112052,Thomas Seio,Corporate
MG-178903,Michael Granlund,Home Office
MC-81301,Mike Caudle,Corporate
MH-176203,Matt Hagelstein,Corporate
KH-163304,Katharine Harms,Corporate
DB-29103,Daniel Byrd,Home Office
CP-20852,Cathy Prescott,Corporate
NC-86251,Noah Childs,Corporate
BF-10201,Barry Französisch,Corporate
LO-171703,Lori Olson,Corporate
NL-183101,Nancy Lomonaco,Home Office
LD-68551,Lela Donovan,Corporate
AJ-7803,Anthony Jacobs,Corporate
NP-86851,Nora Pelletier,Home Office
MR-175454,Mathew Reese,Home Office
LW-169904,Lindsay Williams,Corporate
CM-126552,Corinna Mitchell,Home Office
JD-161504,Justin Deggeller,Corporate
EH-141252,Eugene Hildebrand,Home Office
RB-194653,Rick Bensley,Home Office
JE-161654,Justin Ellison,Corporate
GG-146502,Greg Guthrie,Corporate
RR-195254,Rick Reed,Corporate
DB-131201,David Bremer,Corporate
TC-109802,Tamara Chand,Corporate
BE-13351,Bill Eplett,Home Office
SL-101553,Sara Luxemburg,Home Office
AB-100602,Adam Bellavance,Home Office
TA-113852,Tom Ashbrook,Home Office
CC-126103,Corey Catlett,Corporate
CM-118154,Candace McMahon,Corporate
PO-191951,Phillina Ober,Home Office
SC-204402,Shaun Chance,Corporate
AR-108254,Anthony Rawles,Corporate
MH-174402,Mark Haberlin,Corporate
AS-106302,Ann Steele,Home Office
JO-55501,Jesus Ocampo,Home Office
PS-90451,Penelope Sewall,Home Office
TB-213554,Todd Boyes,Corporate
DW-131951,David Wiener,Corporate
MC-75901,Matt Collister,Corporate
QJ-92551,Quincy Jones,Corporate
ES-140803,Erin Smith,Corporate
AP-107202,Anne Pryor,Home Office
ND-184604,Neil Ducich,Corporate
BF-12151,Benjamin Farhat,Home Office
DS-130301,Darrin Sayre,Home Office
GR-145601,Georgia Rosenberg,Corporate
HM-148604,Harry Marie,Corporate
SP-205451,Sibella Parks,Corporate
SC-202603,Scott Cohen,Corporate
JB-154001,Jennifer Braxton,Corporate
RD-198103,Ross DeVincentis,Home Office
CY-27452,Craig Yedwab,Corporate
LC-69601,Lindsay Castell,Home Office
HE-148001,Harold Engle,Corporate
GK-146204,Grace Kelly,Corporate
MH-77852,Maya Herman,Corporate
TA-213854,Tom Ashbrook,Home Office
TC-209804,Tamara Chand,Corporate
ME-173204,Maria Etezadi,Home Office
KB-165851,Ken Black,Corporate
EM-38102,Eleni McCrary,Corporate
BN-114704,Brad Norvell,Corporate
TB-213552,Todd Boyes,Corporate
CA-120553,Cathy Armstrong,Home Office
GB-145304,George Bell,Corporate
BT-114851,Brad Thomas,Home Office
VW-217751,Victoria Wilson,Corporate
MD-178604,Michael Dominguez,Corporate
KH-66901,Kristen Hastings,Corporate
DB-29101,Daniel Byrd,Home Office
RP-192701,Rachel Payne,Corporate
BF-111703,Ben Ferrer,Home Office
PP-189554,Paul Prost,Home Office
RA-198851,Ruben Ausman,Corporate
SR-204252,Sharelle Roach,Home Office
SS-101401,Saphhira Shifley,Corporate
FH-42751,Frank Hawley,Corporate
JD-61501,Justin Deggeller,Corporate
GT-146352,Grant Thornton,Corporate
KM-162251,Kalyca Meade,Corporate
MC-174253,Mark Cousins,Corporate
JW-52202,Jane Waco,Corporate
VG-118051,Vivek Grady,Corporate
EH-41251,Eugene Hildebrand,Home Office
MH-177853,Maya Herman,Corporate
CP-123401,Christine Phan,Corporate
SS-205154,Shirley Schmidt,Home Office
PS-190451,Penelope Sewall,Home Office
BT-113952,Bill Tyler,Corporate
JW-152203,Jane Waco,Corporate
CM-126553,Corinna Mitchell,Home Office
BG-116953,Brooke Gillingham,Corporate
CP-20851,Cathy Prescott,Corporate
CC-126101,Corey Catlett,Corporate
MC-175902,Matt Collister,Corporate
PW-90301,Pauline Webber,Corporate
MY-173804,Maribeth Yedwab,Corporate
AY-5552,Andy Yotov,Corporate
MF-176654,Maureen Fritzler,Corporate
LC-169302,Linda Cazamias,Corporate
BW-111102,Bart Watters,Corporate
AT-104352,Alyssa Tate,Home Office
DW-134804,Dianna Wilson,Home Office
PA-190603,Pete Armstrong,Home Office
NB-186554,Nona Balk,Corporate
BF-110051,Barry Franz,Home Office
CA-23102,Christine Abelman,Corporate
SP-105451,Sibella Parks,Corporate
JE-61651,Justin Ellison,Corporate
EB-138402,Ellis Ballard,Corporate
DS-130303,Darrin Sayre,Home Office
HJ-148753,Heather Jas,Home Office
KB-164054,Katrina Bavinger,Home Office
BB-15452,Brenda Bowman,Corporate
AM-103601,Alice McCarthy,Corporate
FG-42601,Frank Gastineau,Home Office
EB-37052,Ed Braxton,Corporate
JG-158054,John Grady,Corporate
JK-156403,Jim Kriz,Home Office
KL-165551,Kelly Lampkin,Corporate
RP-98551,Roy Phan,Corporate
ER-38552,Elpida Rittenbach,Corporate
NK-84901,Neil Knudson,Home Office
NM-184453,Nathan Mautz,Home Office
MC-75902,Matt Collister,Corporate
MP-174702,Mark Packer,Home Office
CC-121002,Chad Cunningham,Home Office
HP-148154,Harold Pawlan,Home Office
LR-170353,Lisa Ryan,Corporate
CR-28202,Cyra Reiten,Home Office
CA-23101,Christine Abelman,Corporate
DK-132253,Dean Katz,Corporate
EA-140353,Erin Ashbrook,Corporate
NS-186403,Noel Staavos,Corporate
EL-37352,Ed Ludwig,Home Office
VF-217154,Vicky Freymann,Home Office
TB-111752,Thomas Boland,Corporate
JK-153254,Jason Klamczynski,Corporate
Dl-36002,Dorris liebe,Corporate
NH-86103,Nicole Hansen,Corporate
TN-210403,Tanja Norvell,Home Office
MK-179054,Michael Kennedy,Corporate
ME-180102,Michelle Ellison,Corporate
YS-218803,Yana Sorensen,Corporate
AP-7201,Anne Pryor,Home Office
RS-198701,Roy Skaria,Home Office
AY-5551,Andy Yotov,Corporate
SC-107702,Stewart Carmichael,Corporate
BO-113501,Bill Overfelt,Corporate
FM-42902,Frank Merwin,Home Office
EM-138252,Elizabeth Moffitt,Corporate
DV-30452,Darrin Van Huff,Corporate
SC-106951,Steve Chapman,Corporate
JE-56101,Jim Epp,Corporate
RM-96753,Robert Marley,Home Office
JG-158052,John Grady,Corporate
PJ-88352,Patrick Jones,Corporate
CB-125354,Claudia Bergmann,Corporate
SP-206504,Stephanie Phelps,Corporate
DB-135551,Dorothy Badders,Corporate
TS-213704,Todd Sumrall,Corporate
MC-181304,Mike Caudle,Corporate
PP-189552,Paul Prost,Home Office
DK-32252,Dean Katz,Corporate
BB-15451,Brenda Bowman,Corporate
SF-209654,Sylvia Foulston,Corporate
EH-141253,Eugene Hildebrand,Home Office
KB-166004,Ken Brennan,Corporate
HW-149353,Helen Wasserman,Corporate
EM-41401,Eugene Moren,Home Office
DB-29701,Darren Budd,Corporate
JO-151452,Jack O'Briant,Corporate
MG-176501,Matthew Grinstein,Home Office
AH-101203,Adrian Hane,Home Office
SC-200503,Sample Company A,Home Office
CR-28201,Cyra Reiten,Home Office
EH-141251,Eugene Hildebrand,Home Office
AS-101353,Adrian Shami,Home Office
BS-13651,Bill Shonely,Corporate
AP-107203,Anne Pryor,Home Office
KF-162854,Karen Ferguson,Home Office
JG-58051,John Grady,Corporate
SJ-101251,Sanjit Jacobs,Home Office
CS-24901,Cindy Schnelling,Corporate
MH-172902,Marc Harrigan,Home Office
DK-131503,David Kendrick,Corporate
MC-181301,Mike Caudle,Corporate
DG-33002,Deirdre Greer,Corporate
LO-171702,Lori Olson,Corporate
VG-218052,Vivek Grady,Corporate
DW-134801,Dianna Wilson,Home Office
GZ-45451,George Zrebassa,Corporate
EM-38251,Elizabeth Moffitt,Corporate
NH-186103,Nicole Hansen,Corporate
FC-43352,Fred Chung,Corporate
JP-154601,Jennifer Patt,Corporate
HP-148153,Harold Pawlan,Home Office
BF-112751,Beth Fritzler,Corporate
JC-161052,Julie Creighton,Corporate
JJ-157603,Joel Jenkins,Home Office
SJ-201254,Sanjit Jacobs,Home Office
BB-115453,Brenda Bowman,Corporate
HM-48602,Harry Marie,Corporate
TC-211454,Theresa Coyne,Corporate
CS-118451,Cari Sayre,Corporate
FH-142753,Frank Hawley,Corporate
AH-101954,Alan Haines,Corporate
KM-63752,Katherine Murray,Home Office
HD-147854,Harold Dahlen,Home Office
EH-37652,Edward Hooks,Corporate
DG-133004,Deirdre Greer,Corporate
SC-206952,Steve Chapman,Corporate
ED-38853,Emily Ducich,Home Office
SG-208901,Susan Gilcrest,Corporate
ML-180401,Michelle Lonsdale,Corporate
JO-55502,Jesus Ocampo,Home Office
KH-163301,Katharine Harms,Corporate
PK-89101,Paul Knutson,Home Office
CC-126104,Corey Catlett,Corporate
DH-36751,Duane Huffman,Home Office
CV-128052,Cynthia Voltz,Corporate
NM-84451,Nathan Mautz,Home Office
SN-207104,Steve Nguyen,Home Office
PH-87902,Patricia Hirasaki,Home Office
JG-153103,Jason Gross,Corporate
BN-114703,Brad Norvell,Corporate
GG-46501,Greg Guthrie,Corporate
DS-130302,Darrin Sayre,Home Office
FH-43652,Fred Hopkins,Corporate
ND-84601,Neil Ducich,Corporate
TB-211752,Thomas Boland,Corporate
JG-158051,John Grady,Corporate
EK-137953,Eileen Kiefer,Home Office
Dl-136001,Dorris liebe,Corporate
JB-160453,Julia Barnett,Home Office
NK-184902,Neil Knudson,Home Office
EL-37351,Ed Ludwig,Home Office
GK-146202,Grace Kelly,Corporate
DJ-35101,Don Jones,Corporate
NF-85952,Nicole Fjeld,Home Office
AB-106001,Ann Blume,Corporate
SC-207704,Stewart Carmichael,Corporate
VM-116851,Valerie Mitchum,Home Office
DS-131801,David Smith,Corporate
RB-197051,Roger Barcio,Home Office
FA-142302,Frank Atkinson,Corporate
JL-51751,James Lanier,Home Office
SS-201402,Saphhira Shifley,Corporate
DJ-35102,Don Jones,Corporate
MW-82351,Mitch Willingham,Corporate
PO-91802,Philisse Overcash,Home Office
AO-8102,Anthony O'Donnell,Corporate
HW-149351,Helen Wasserman,Corporate
DB-35552,Dorothy Badders,Corporate
TW-110251,Tamara Willingham,Home Office
MP-181752,Mike Pelletier,Home Office
LD-168552,Lela Donovan,Corporate
RD-96601,Robert Dilbeck,Home Office
JM-56552,Jim Mitchum,Corporate
TC-211453,Theresa Coyne,Corporate
BS-13802,Bill Stewart,Corporate
GM-46951,Greg Maxwell,Corporate
SM-209501,Suzanne McNair,Corporate
ML-180404,Michelle Lonsdale,Corporate
KN-63902,Katherine Nockton,Corporate
TS-213703,Todd Sumrall,Corporate
RP-92701,Rachel Payne,Corporate
BF-110203,Barry Französisch,Corporate
DM-135253,Don Miller,Corporate
CA-119654,Carol Adams,Corporate
CR-128201,Cyra Reiten,Home Office
SJ-201251,Sanjit Jacobs,Home Office
JO-155502,Jesus Ocampo,Home Office
JR-162103,Justin Ritter,Corporate
KM-62251,Kalyca Meade,Corporate
VF-217151,Vicky Freymann,Home Office
AJ-107803,Anthony Jacobs,Corporate
PB-192103,Phillip Breyer,Corporate
FC-142453,Frank Carlisle,Home Office
BT-113053,Beth Thompson,Home Office
MC-76051,Matt Connell,Corporate
KH-166904,Kristen Hastings,Corporate
DH-30751,Dave Hallsten,Corporate
BW-111104,Bart Watters,Corporate
SC-202302,Scot Coram,Corporate
JJ-157604,Joel Jenkins,Home Office
BF-10051,Barry Franz,Home Office
DK-28352,Damala Kotsonis,Corporate
EM-138101,Eleni McCrary,Corporate
JD-161503,Justin Deggeller,Corporate
AO-8103,Anthony O'Donnell,Corporate
CK-123253,Christine Kargatis,Home Office
MA-175601,Matt Abelman,Home Office
RH-195102,Rick Huthwaite,Home Office
MC-175901,Matt Collister,Corporate
DK-31501,David Kendrick,Corporate
LR-170354,Lisa Ryan,Corporate
TT-214604,Tonja Turnell,Home Office
PO-191954,Phillina Ober,Home Office
SN-105601,Skye Norling,Home Office
DM-35252,Don Miller,Corporate
RB-194651,Rick Bensley,Home Office
TS-211604,Theresa Swint,Corporate
AB-102554,Alejandro Ballentine,Home Office
DS-30302,Darrin Sayre,Home Office
AY-105552,Andy Yotov,Corporate
JJ-57601,Joel Jenkins,Home Office
RB-94652,Rick Bensley,Home Office
PC-187453,Pamela Coakley,Corporate
CS-24002,Christopher Schild,Home Office
AO-108104,Anthony O'Donnell,Corporate
GM-144552,Gary Mitchum,Home Office
PP-89552,Paul Prost,Home Office
CK-127604,Cyma Kinney,Corporate
CR-125803,Clay Rozendal,Home Office
AG-104954,Andrew Gjertsen,Corporate
DJ-134201,Denny Joy,Corporate
MA-79951,Michelle Arnett,Home Office
MH-172904,Marc Harrigan,Home Office
BF-112153,Benjamin Farhat,Home Office
MZ-173351,Maria Zettner,Home Office
DE-32551,Deanra Eno,Home Office
VT-117001,Valerie Takahito,Home Office
PB-192101,Phillip Breyer,Corporate
CS-124004,Christopher Schild,Home Office
AW-109301,Arthur Wiediger,Home Office
SC-206951,Steve Chapman,Corporate
CM-118153,Candace McMahon,Corporate
GZ-45453,George Zrebassa,Corporate
QJ-192553,Quincy Jones,Corporate
LD-168551,Lela Donovan,Corporate
SB-202904,Sean Braxton,Corporate
SR-204254,Sharelle Roach,Home Office
MP-81751,Mike Pelletier,Home Office
LB-67951,Laurel Beltran,Home Office
TH-211153,Thea Hudgings,Corporate
BV-112454,Benjamin Venier,Corporate
MP-174704,Mark Packer,Home Office
EL-137352,Ed Ludwig,Home Office
KM-62252,Kalyca Meade,Corporate
NF-85951,Nicole Fjeld,Home Office
MC-176352,Matthew Clasen,Corporate
AS-100453,Aaron Smayling,Corporate
SC-200504,Sample Company A,Home Office
CD-127902,Cynthia Delaney,Home Office
LR-170352,Lisa Ryan,Corporate
AR-4051,Allen Rosenblatt,Corporate
Dp-132401,Dean percer,Home Office
NF-84753,Neil Französisch,Home Office
RS-198702,Roy Skaria,Home Office
CR-25801,Clay Rozendal,Home Office
LW-68251,Laurel Workman,Corporate
BT-15303,Bradley Talbott,Home Office
AJ-107802,Anthony Jacobs,Corporate
AS-6302,Ann Steele,Home Office
CA-20552,Cathy Armstrong,Home Office
MR-75451,Mathew Reese,Home Office
KF-162852,Karen Ferguson,Home Office
LD-168553,Lela Donovan,Corporate
SM-203204,Sean Miller,Home Office
ME-180101,Michelle Ellison,Corporate
PV-189854,Paul Van Hugh,Home Office
RW-195402,Rick Wilson,Corporate
BD-15601,Brendan Dodson,Home Office
SC-207701,Stewart Carmichael,Corporate
PC-90001,Pauline Chand,Home Office
BT-114853,Brad Thomas,Home Office
HJ-48751,Heather Jas,Home Office
JD-158951,Jonathan Doherty,Corporate
VP-217301,Victor Preis,Home Office
SC-102602,Scott Cohen,Corporate
VF-117152,Vicky Freymann,Home Office
DB-132702,Deborah Brumfield,Home Office
VP-117301,Victor Preis,Home Office
NM-84453,Nathan Mautz,Home Office
MC-81302,Mike Caudle,Corporate
SW-203501,Sean Wendt,Home Office
DK-131504,David Kendrick,Corporate
TP-115651,Tracy Poddar,Corporate
KL-65551,Kelly Lampkin,Corporate
HG-149652,Henry Goldwyn,Corporate
HE-48001,Harold Engle,Corporate
BS-113803,Bill Stewart,Corporate
GZ-145453,George Zrebassa,Corporate
CW-119052,Carl Weiss,Home Office
PM-191352,Peter McVee,Home Office
NZ-185652,Nick Zandusky,Home Office
SH-99752,Sally Hughsby,Corporate
PO-191804,Philisse Overcash,Home Office
SR-207403,Steven Roelle,Home Office
AH-753,Adam Hart,Corporate
MY-182951,Muhammed Yedwab,Corporate
AS-1351,Adrian Shami,Home Office
FG-142601,Frank Gastineau,Home Office
RD-196602,Robert Dilbeck,Home Office
TB-213553,Todd Boyes,Corporate
FG-42602,Frank Gastineau,Home Office
MF-176651,Maureen Fritzler,Corporate
RF-193454,Randy Ferguson,Corporate
RM-196751,Robert Marley,Home Office
DW-135854,Dorothy Wardle,Corporate
MG-178902,Michael Granlund,Home Office
KM-162254,Kalyca Meade,Corporate
AJ-107953,Anthony Johnson,Corporate
RB-196452,Robert Barroso,Corporate
RP-198551,Roy Phan,Corporate
SM-109501,Suzanne McNair,Corporate
DW-131954,David Wiener,Corporate
PL-189254,Paul Lucas,Home Office
BB-109903,Barry Blumstein,Corporate
AG-107653,Anthony Garverick,Home Office
KS-163003,Karen Seio,Corporate
FW-43952,Fred Wasserman,Corporate
CM-118301,Cari MacIntyre,Corporate
DW-131952,David Wiener,Corporate
SH-206354,Stefanie Holloman,Corporate
NF-185953,Nicole Fjeld,Home Office
AD-1801,Alan Dominguez,Home Office
CS-124003,Christopher Schild,Home Office
EM-138104,Eleni McCrary,Corporate
JW-152204,Jane Waco,Corporate
AG-105254,Andy Gerbode,Corporate
GH-144103,Gary Hansen,Home Office
JS-155954,Jill Stevenson,Corporate
AB-102552,Alejandro Ballentine,Home Office
GB-145303,George Bell,Corporate
JK-153253,Jason Klamczynski,Corporate
VW-217753,Victoria Wilson,Corporate
DS-31801,David Smith,Corporate
TB-211753,Thomas Boland,Corporate
GR-145602,Georgia Rosenberg,Corporate
EB-37051,Ed Braxton,Corporate
BP-10502,Barry Pond,Corporate
JM-156552,Jim Mitchum,Corporate
MW-182351,Mitch Willingham,Corporate
CY-127453,Craig Yedwab,Corporate
TC-214752,Tony Chapman,Home Office
AH-751,Adam Hart,Corporate
LC-69602,Lindsay Castell,Home Office
DB-131203,David Bremer,Corporate
SW-107551,Steven Ward,Corporate
KF-62851,Karen Ferguson,Home Office
PB-88053,Patrick Bzostek,Home Office
PH-187903,Patricia Hirasaki,Home Office
CK-27601,Cyma Kinney,Corporate
KE-64202,Katrina Edelman,Corporate
KN-164503,Kean Nguyen,Corporate
SR-104251,Sharelle Roach,Home Office
TH-215502,Tracy Hopkins,Home Office
AH-100304,Aaron Hawkins,Corporate
EB-139752,Erica Bern,Corporate
VT-117002,Valerie Takahito,Home Office
RS-194204,Ricardo Sperren,Corporate
DG-133003,Deirdre Greer,Corporate
BT-13951,Bill Tyler,Corporate
LS-69751,Lindsay Shagiari,Home Office
TS-113701,Todd Sumrall,Corporate
BP-110952,Bart Pistole,Corporate
MZ-73352,Maria Zettner,Home Office
SH-199752,Sally Hughsby,Corporate
BT-113052,Beth Thompson,Home Office
MY-173802,Maribeth Yedwab,Corporate
JK-61202,Julie Kriz,Home Office
AH-101204,Adrian Hane,Home Office
SC-102301,Scot Coram,Corporate
AG-3001,Aleksandra Gannaway,Corporate
AH-106901,Anna Häberlin,Corporate
EM-142001,Evan Minnotte,Home Office
SS-205151,Shirley Schmidt,Home Office
DH-36752,Duane Huffman,Home Office
AT-4351,Alyssa Tate,Home Office
JS-155951,Jill Stevenson,Corporate
AR-8251,Anthony Rawles,Corporate
FM-142901,Frank Merwin,Home Office
NC-186251,Noah Childs,Corporate
RS-98701,Roy Skaria,Home Office
EH-140051,Erica Hernandez,Home Office
SL-201553,Sara Luxemburg,Home Office
EH-140054,Erica Hernandez,Home Office
RF-93452,Randy Ferguson,Corporate
DW-135852,Dorothy Wardle,Corporate
AP-7202,Anne Pryor,Home Office
YS-218804,Yana Sorensen,Corporate
NF-184753,Neil Französisch,Home Office
CB-125352,Claudia Bergmann,Corporate
NM-184452,Nathan Mautz,Home Office
SN-207102,Steve Nguyen,Home Office
SN-105602,Skye Norling,Home Office
LS-172001,Luke Schmidt,Corporate
DS-131803,David Smith,Corporate
SW-207553,Steven Ward,Corporate
DM-133454,Denise Monton,Corporate
DM-133451,Denise Monton,Corporate
PJ-188354,Patrick Jones,Corporate
DP-133903,Dennis Pardue,Home Office
MW-82352,Mitch Willingham,Corporate
ML-180403,Michelle Lonsdale,Corporate
SD-204852,Shirley Daniels,Home Office
PS-190453,Penelope Sewall,Home Office
JS-59402,Joni Sundaresam,Home Office
FH-143654,Fred Hopkins,Corporate
TH-215501,Tracy Hopkins,Home Office
CG-120404,Catherine Glotzbach,Home Office
BS-15902,Brendan Sweed,Corporate
CM-27152,Craig Molinari,Corporate
SN-107102,Steve Nguyen,Home Office
YS-118801,Yana Sorensen,Corporate
BM-16501,Brian Moss,Corporate
MG-176802,Maureen Gastineau,Home Office
JS-159401,Joni Sundaresam,Home Office
CS-122502,Chris Selesnick,Corporate
HJ-48752,Heather Jas,Home Office
GK-46201,Grace Kelly,Corporate
EL-137351,Ed Ludwig,Home Office
BG-116954,Brooke Gillingham,Corporate
SC-107703,Stewart Carmichael,Corporate
SC-204401,Shaun Chance,Corporate
PO-191801,Philisse Overcash,Home Office
RF-193453,Randy Ferguson,Corporate
EM-38253,Elizabeth Moffitt,Corporate
ON-187152,Odella Nelson,Corporate
KD-166154,Ken Dana,Corporate
SB-102901,Sean Braxton,Corporate
BP-110502,Barry Pond,Corporate
KE-64201,Katrina Edelman,Corporate
TC-114752,Tony Chapman,Home Office
HR-148303,Harold Ryan,Corporate
GM-144554,Gary Mitchum,Home Office
KM-63753,Katherine Murray,Home Office
DK-131502,David Kendrick,Corporate
VB-217452,Victoria Brennan,Corporate
CK-127601,Cyma Kinney,Corporate
SC-204404,Shaun Chance,Corporate
AC-106151,Ann Chong,Corporate
RM-196754,Robert Marley,Home Office
RM-96752,Robert Marley,Home Office
PO-191953,Phillina Ober,Home Office
SR-107402,Steven Roelle,Home Office
CG-120403,Catherine Glotzbach,Home Office
MA-79953,Michelle Arnett,Home Office
JS-156854,Jim Sink,Corporate
AC-106154,Ann Chong,Corporate
MH-172901,Marc Harrigan,Home Office
SU-106652,Stephanie Ulpright,Home Office
TC-111451,Theresa Coyne,Corporate
KB-166001,Ken Brennan,Corporate
JO-155503,Jesus Ocampo,Home Office
FA-42302,Frank Atkinson,Corporate
CR-26252,Corey Roper,Home Office
RD-196603,Robert Dilbeck,Home Office
RP-198552,Roy Phan,Corporate
HH-150104,Hilary Holden,Corporate
BP-10501,Barry Pond,Corporate
KB-164051,Katrina Bavinger,Home Office
BP-111852,Ben Peterman,Corporate
DW-34802,Dianna Wilson,Home Office
MY-82952,Muhammed Yedwab,Corporate
KC-166752,Kimberly Carter,Corporate
ML-80403,Michelle Lonsdale,Corporate
MC-176351,Matthew Clasen,Corporate
KD-164954,Keith Dawkins,Corporate
MA-175602,Matt Abelman,Home Office
BD-115602,Brendan Dodson,Home Office
PS-189704,Paul Stevenson,Home Office
NS-86401,Noel Staavos,Corporate
BD-115603,Brendan Dodson,Home Office
NG-183551,Nat Gilpin,Corporate
AW-109303,Arthur Wiediger,Home Office
CR-128204,Cyra Reiten,Home Office
EB-139754,Erica Bern,Corporate
KC-162554,Karen Carlisle,Corporate
BB-9902,Barry Blumstein,Corporate
EM-141404,Eugene Moren,Home Office
TP-215652,Tracy Poddar,Corporate
RB-197951,Ross Baird,Home Office
BF-110204,Barry Französisch,Corporate
CR-128202,Cyra Reiten,Home Office
DW-34803,Dianna Wilson,Home Office
DH-136751,Duane Huffman,Home Office
BF-111704,Ben Ferrer,Home Office
GB-145302,George Bell,Corporate
ED-138854,Emily Ducich,Home Office
ME-180103,Michelle Ellison,Corporate
JK-53251,Jason Klamczynski,Corporate
HR-147702,Hallie Redmond,Home Office
AR-103451,Alex Russell,Corporate
DS-131804,David Smith,Corporate
SP-206203,Stefania Perrino,Corporate
BS-113802,Bill Stewart,Corporate
TA-213853,Tom Ashbrook,Home Office
JC-161051,Julie Creighton,Corporate
VF-217153,Vicky Freymann,Home Office
JE-156101,Jim Epp,Corporate
CV-128054,Cynthia Voltz,Corporate
NC-85351,Nick Crebassa,Corporate
DJ-135101,Don Jones,Corporate
Dp-32401,Dean percer,Home Office
KD-66151,Ken Dana,Corporate
KL-165554,Kelly Lampkin,Corporate
DB-133604,Dennis Bolton,Home Office
LS-169751,Lindsay Shagiari,Home Office
SM-209502,Suzanne McNair,Corporate
BF-109751,Barbara Fisher,Corporate
CP-20853,Cathy Prescott,Corporate
RP-192704,Rachel Payne,Corporate
PL-189251,Paul Lucas,Home Office
CM-126551,Corinna Mitchell,Home Office
RB-196454,Robert Barroso,Corporate
HJ-148754,Heather Jas,Home Office
MC-174251,Mark Cousins,Corporate
NC-186253,Noah Childs,Corporate
LA-167801,Laura Armstrong,Corporate
RW-96301,Rob Williams,Corporate
EH-137653,Edward Hooks,Corporate
EM-142003,Evan Minnotte,Home Office
AH-1951,Alan Haines,Corporate
MA-175603,Matt Abelman,Home Office
BF-10202,Barry Französisch,Corporate
JS-159402,Joni Sundaresam,Home Office
DB-131202,David Bremer,Corporate
Dl-36001,Dorris liebe,Corporate
BE-113353,Bill Eplett,Home Office
HK-48901,Heather Kirkland,Corporate
MZ-175153,Mary Zewe,Corporate
EB-137054,Ed Braxton,Corporate
LS-69452,Linda Southworth,Corporate
ED-38851,Emily Ducich,Home Office
GG-46502,Greg Guthrie,Corporate
MH-181154,Mick Hernandez,Home Office
DW-34801,Dianna Wilson,Home Office
DK-132251,Dean Katz,Corporate
DP-33901,Dennis Pardue,Home Office
CM-26551,Corinna Mitchell,Home Office
CD-127904,Cynthia Delaney,Home Office
NS-186402,Noel Staavos,Corporate
GT-46351,Grant Thornton,Corporate
BE-113354,Bill Eplett,Home Office
VP-117601,Victoria Pisteka,Corporate
VM-116852,Valerie Mitchum,Home Office
MT-180701,Michelle Tran,Home Office
SP-208604,Sung Pak,Corporate
FM-142154,Filia McAdams,Corporate
CW-19052,Carl Weiss,Home Office
DJ-135102,Don Jones,Corporate
SB-202901,Sean Braxton,Corporate
BF-109754,Barbara Fisher,Corporate
KD-166152,Ken Dana,Corporate
BD-15602,Brendan Dodson,Home Office
EB-39751,Erica Bern,Corporate
HD-47852,Harold Dahlen,Home Office
DJ-135104,Don Jones,Corporate
JK-156404,Jim Kriz,Home Office
RB-97053,Roger Barcio,Home Office
GZ-45452,George Zrebassa,Corporate
MZ-173354,Maria Zettner,Home Office
NB-185801,Nicole Brennan,Corporate
AH-100303,Aaron Hawkins,Corporate
EB-138401,Ellis Ballard,Corporate
CS-118452,Cari Sayre,Corporate
KB-66001,Ken Brennan,Corporate
MH-74401,Mark Haberlin,Corporate
GP-147402,Guy Phonely,Corporate
DS-31802,David Smith,Corporate
CV-128051,Cynthia Voltz,Corporate
GD-145903,Giulietta Dortch,Corporate
ML-173953,Marina Lichtenstein,Corporate
KH-66902,Kristen Hastings,Corporate
MP-174701,Mark Packer,Home Office
MD-78601,Michael Dominguez,Corporate
EM-40951,Eudokia Martin,Corporate
CD-27901,Cynthia Delaney,Home Office
MO-178003,Meg O'Connel,Home Office
LW-168251,Laurel Workman,Corporate
AM-103603,Alice McCarthy,Corporate
TS-111601,Theresa Swint,Corporate
LC-69301,Linda Cazamias,Corporate
CC-126102,Corey Catlett,Corporate
EB-38403,Ellis Ballard,Corporate
SP-206502,Stephanie Phelps,Corporate
VW-217752,Victoria Wilson,Corporate
BC-11251,Becky Castell,Home Office
BT-15302,Bradley Talbott,Home Office
HR-148304,Harold Ryan,Corporate
ML-80402,Michelle Lonsdale,Corporate
KN-164504,Kean Nguyen,Corporate
BF-112152,Benjamin Farhat,Home Office
SB-202902,Sean Braxton,Corporate
AH-302,Aaron Hawkins,Corporate
RW-196304,Rob Williams,Corporate
ON-187153,Odella Nelson,Corporate
CA-123101,Christine Abelman,Corporate
NM-184451,Nathan Mautz,Home Office
RD-196601,Robert Dilbeck,Home Office
EH-137654,Edward Hooks,Corporate
JB-160452,Julia Barnett,Home Office
JO-151453,Jack O'Briant,Corporate
EB-139753,Erica Bern,Corporate
MF-176652,Maureen Fritzler,Corporate
CS-124903,Cindy Schnelling,Corporate
NB-185803,Nicole Brennan,Corporate
BT-14852,Brad Thomas,Home Office
MF-176653,Maureen Fritzler,Corporate
CS-121752,Charles Sheldon,Corporate
SR-207402,Steven Roelle,Home Office
BF-110053,Barry Franz,Home Office
BF-110202,Barry Französisch,Corporate
HM-148602,Harry Marie,Corporate
SW-207552,Steven Ward,Corporate
AT-104353,Alyssa Tate,Home Office
MS-179803,Michael Stewart,Corporate
GP-47401,Guy Phonely,Corporate
DE-132551,Deanra Eno,Home Office
KC-66752,Kimberly Carter,Corporate
AB-100604,Adam Bellavance,Home Office
MH-176201,Matt Hagelstein,Corporate
CA-123103,Christine Abelman,Corporate
TW-210252,Tamara Willingham,Home Office
VP-217601,Victoria Pisteka,Corporate
HH-50101,Hilary Holden,Corporate
YC-218954,Yoseph Carroll,Corporate
PO-91952,Phillina Ober,Home Office
NP-86852,Nora Pelletier,Home Office
SC-100502,Sample Company A,Home Office
MH-174403,Mark Haberlin,Corporate
TC-215353,Tracy Collins,Home Office
PO-91803,Philisse Overcash,Home Office
ML-73951,Marina Lichtenstein,Corporate
GB-45301,George Bell,Corporate
ON-87151,Odella Nelson,Corporate
AW-9301,Arthur Wiediger,Home Office
FA-42301,Frank Atkinson,Corporate
LD-168554,Lela Donovan,Corporate
JB-154002,Jennifer Braxton,Corporate
BF-112151,Benjamin Farhat,Home Office
FH-143652,Fred Hopkins,Corporate
SV-108152,Stuart Van,Corporate
BF-110201,Barry Französisch,Corporate
PJ-188353,Patrick Jones,Corporate
HP-148151,Harold Pawlan,Home Office
VB-217454,Victoria Brennan,Corporate
AH-101953,Alan Haines,Corporate
BS-113654,Bill Shonely,Corporate
SU-106651,Stephanie Ulpright,Home Office
SD-204854,Shirley Daniels,Home Office
BE-13352,Bill Eplett,Home Office
HP-148152,Harold Pawlan,Home Office
LS-72001,Luke Schmidt,Corporate
JP-61352,Julie Prescott,Home Office
AS-101351,Adrian Shami,Home Office
RW-195403,Rick Wilson,Corporate
DW-131953,David Wiener,Corporate
CM-127153,Craig Molinari,Corporate
MZ-175152,Mary Zewe,Corporate
KD-164951,Keith Dawkins,Corporate
DM-135251,Don Miller,Corporate
AM-103602,Alice McCarthy,Corporate
AG-104952,Andrew Gjertsen,Corporate
CL-27002,Craig Leslie,Home Office
RS-194201,Ricardo Sperren,Corporate
BW-11103,Bart Watters,Corporate
DH-130751,Dave Hallsten,Corporate
AM-3601,Alice McCarthy,Corporate
DB-133602,Dennis Bolton,Home Office
JM-52651,Janet Molinari,Corporate
MZ-75152,Mary Zewe,Corporate
RD-98101,Ross DeVincentis,Home Office
RM-196753,Robert Marley,Home Office
ML-177553,Max Ludwig,Home Office
CA-123104,Christine Abelman,Corporate
MM-182803,Muhammed MacIntyre,Corporate
YS-118802,Yana Sorensen,Corporate
LS-169454,Linda Southworth,Corporate
MK-79052,Michael Kennedy,Corporate
GR-45601,Georgia Rosenberg,Corporate
FM-42901,Frank Merwin,Home Office
SR-107401,Steven Roelle,Home Office
GT-146353,Grant Thornton,Corporate
EM-141401,Eugene Moren,Home Office
TC-214754,Tony Chapman,Home Office
SW-207551,Steven Ward,Corporate
MO-78001,Meg O'Connel,Home Office
HK-48902,Heather Kirkland,Corporate
YS-218801,Yana Sorensen,Corporate
VT-217001,Valerie Takahito,Home Office
KN-163903,Katherine Nockton,Corporate
BO-113504,Bill Overfelt,Corporate
PC-90002,Pauline Chand,Home Office
AB-6002,Ann Blume,Corporate
MA-179954,Michelle Arnett,Home Office
HD-147851,Harold Dahlen,Home Office
JD-158953,Jonathan Doherty,Corporate
GZ-145452,George Zrebassa,Corporate
TC-114753,Tony Chapman,Home Office
RS-198704,Roy Skaria,Home Office
KB-165853,Ken Black,Corporate
PL-89251,Paul Lucas,Home Office
SP-208602,Sung Pak,Corporate
PH-187901,Patricia Hirasaki,Home Office
DB-132701,Deborah Brumfield,Home Office
NB-185802,Nicole Brennan,Corporate
MY-182953,Muhammed Yedwab,Corporate
RS-194202,Ricardo Sperren,Corporate
DK-28351,Damala Kotsonis,Corporate
SH-199753,Sally Hughsby,Corporate
PV-189852,Paul Van Hugh,Home Office
MA-79952,Michelle Arnett,Home Office
AR-104052,Allen Rosenblatt,Corporate
BN-114702,Brad Norvell,Corporate
DK-31502,David Kendrick,Corporate
KN-163904,Katherine Nockton,Corporate
BS-115903,Brendan Sweed,Corporate
EL-137353,Ed Ludwig,Home Office
KM-163753,Katherine Murray,Home Office
SN-205604,Skye Norling,Home Office
AR-104053,Allen Rosenblatt,Corporate
HK-148904,Heather Kirkland,Corporate
TT-214603,Tonja Turnell,Home Office
LA-167804,Laura Armstrong,Corporate
BF-11701,Ben Ferrer,Home Office
SV-208152,Stuart Van,Corporate
BF-9752,Barbara Fisher,Corporate
AC-6151,Ann Chong,Corporate
SC-202301,Scot Coram,Corporate
EM-38101,Eleni McCrary,Corporate
SH-206352,Stefanie Holloman,Corporate
GH-44851,Gene Hale,Corporate
TS-212051,Thomas Seio,Corporate
SW-103502,Sean Wendt,Home Office
DB-29702,Darren Budd,Corporate
BB-109904,Barry Blumstein,Corporate
JM-152653,Janet Molinari,Corporate
DK-132252,Dean Katz,Corporate
JE-156102,Jim Epp,Corporate
EM-138103,Eleni McCrary,Corporate
DB-129104,Daniel Byrd,Home Office
JE-161653,Justin Ellison,Corporate
BE-14552,Brad Eason,Home Office
DE-132554,Deanra Eno,Home Office
CM-118152,Candace McMahon,Corporate
HH-150103,Hilary Holden,Corporate
BS-113652,Bill Shonely,Corporate
HR-47701,Hallie Redmond,Home Office
CJ-118753,Carl Jackson,Corporate
SH-106351,Stefanie Holloman,Corporate
YC-218951,Yoseph Carroll,Corporate
SM-203203,Sean Miller,Home Office
VM-216852,Valerie Mitchum,Home Office
EH-137652,Edward Hooks,Corporate
YC-118951,Yoseph Carroll,Corporate
VP-117602,Victoria Pisteka,Corporate
MT-80702,Michelle Tran,Home Office
CL-127001,Craig Leslie,Home Office
MP-79651,Michael Paige,Corporate
EM-140953,Eudokia Martin,Corporate
DB-129701,Darren Budd,Corporate
CS-124001,Christopher Schild,Home Office
AC-4202,Alyssa Crouse,Corporate
BF-12752,Beth Fritzler,Corporate
RW-95401,Rick Wilson,Corporate
DG-133001,Deirdre Greer,Corporate
KB-162402,Karen Bern,Corporate
MC-176053,Matt Connell,Corporate
EH-40051,Erica Hernandez,Home Office
HP-48152,Harold Pawlan,Home Office
RB-194654,Rick Bensley,Home Office
AS-102851,Alejandro Savely,Corporate
PS-90452,Penelope Sewall,Home Office
JB-154004,Jennifer Braxton,Corporate
PN-187751,Parhena Norris,Home Office
RB-197952,Ross Baird,Home Office
TN-210401,Tanja Norvell,Home Office
JK-153252,Jason Klamczynski,Corporate
SW-203502,Sean Wendt,Home Office
MZ-75153,Mary Zewe,Corporate
MH-74402,Mark Haberlin,Corporate
PK-189101,Paul Knutson,Home Office
SH-199751,Sally Hughsby,Corporate
CK-27602,Cyma Kinney,Corporate
BP-111851,Ben Peterman,Corporate
RS-198703,Roy Skaria,Home Office
RM-96751,Robert Marley,Home Office
TB-111751,Thomas Boland,Corporate
SN-105603,Skye Norling,Home Office
GD-145902,Giulietta Dortch,Corporate
AG-4951,Andrew Gjertsen,Corporate
KM-162253,Kalyca Meade,Corporate
PV-89852,Paul Van Hugh,Home Office
MY-82951,Muhammed Yedwab,Corporate
TB-211751,Thomas Boland,Corporate
MG-176803,Maureen Gastineau,Home Office
GR-45602,Georgia Rosenberg,Corporate
KL-165552,Kelly Lampkin,Corporate
EB-37501,Edward Becker,Corporate
CR-125801,Clay Rozendal,Home Office
GH-44852,Gene Hale,Corporate
RF-93451,Randy Ferguson,Corporate
AR-3451,Alex Russell,Corporate
EB-137053,Ed Braxton,Corporate
BF-110052,Barry Franz,Home Office
ER-138552,Elpida Rittenbach,Corporate
AY-105553,Andy Yotov,Corporate
EM-40953,Eudokia Martin,Corporate
FC-143351,Fred Chung,Corporate
PN-87752,Parhena Norris,Home Office
TC-214753,Tony Chapman,Home Office
MG-178753,Michael Grace,Home Office
NC-185351,Nick Crebassa,Corporate
DB-129703,Darren Budd,Corporate
JB-54002,Jennifer Braxton,Corporate
DJ-134204,Denny Joy,Corporate
Dl-136002,Dorris liebe,Corporate
RS-97651,Roland Schwarz,Corporate
MG-76501,Matthew Grinstein,Home Office
AR-3452,Alex Russell,Corporate
KC-62551,Karen Carlisle,Corporate
AR-104051,Allen Rosenblatt,Corporate
AJ-7802,Anthony Jacobs,Corporate
BF-112752,Beth Fritzler,Corporate
RH-95102,Rick Huthwaite,Home Office
FH-142754,Frank Hawley,Corporate
FC-142452,Frank Carlisle,Home Office
AH-301,Aaron Hawkins,Corporate
TH-111151,Thea Hudgings,Corporate
JP-154603,Jennifer Patt,Corporate
DM-133453,Denise Monton,Corporate
VB-217453,Victoria Brennan,Corporate
GP-147404,Guy Phonely,Corporate
LW-69901,Lindsay Williams,Corporate
DA-134501,Dianna Arnett,Home Office
EM-138102,Eleni McCrary,Corporate
CM-127151,Craig Molinari,Corporate
CM-118151,Candace McMahon,Corporate
HD-147853,Harold Dahlen,Home Office
SP-206503,Stephanie Phelps,Corporate
SC-206804,Steve Carroll,Home Office
CL-127002,Craig Leslie,Home Office
TZ-114451,Tom Zandusky,Corporate
CA-19651,Carol Adams,Corporate
SP-206202,Stefania Perrino,Corporate
MG-182051,Mitch Gastineau,Corporate
JW-152201,Jane Waco,Corporate
JE-56102,Jim Epp,Corporate
BV-112453,Benjamin Venier,Corporate
BE-14551,Brad Eason,Home Office
MM-182801,Muhammed MacIntyre,Corporate
FM-142151,Filia McAdams,Corporate
SS-201403,Saphhira Shifley,Corporate
DP-133902,Dennis Pardue,Home Office
CS-122504,Chris Selesnick,Corporate
BO-113503,Bill Overfelt,Corporate
KS-163001,Karen Seio,Corporate
RW-95402,Rick Wilson,Corporate
CP-120852,Cathy Prescott,Corporate
MY-73801,Maribeth Yedwab,Corporate
AB-100601,Adam Bellavance,Home Office
CM-127152,Craig Molinari,Corporate
MK-179051,Michael Kennedy,Corporate
NG-183553,Nat Gilpin,Corporate
PN-187752,Parhena Norris,Home Office
RS-197653,Roland Schwarz,Corporate
JD-161502,Justin Deggeller,Corporate
VP-217602,Victoria Pisteka,Corporate
TP-115652,Tracy Poddar,Corporate
PO-91801,Philisse Overcash,Home Office
JJ-57602,Joel Jenkins,Home Office
KD-164952,Keith Dawkins,Corporate
GH-144102,Gary Hansen,Home Office
JM-156551,Jim Mitchum,Corporate
KS-163002,Karen Seio,Corporate
MA-179952,Michelle Arnett,Home Office
BW-111103,Bart Watters,Corporate
FM-42151,Filia McAdams,Corporate
AR-4052,Allen Rosenblatt,Corporate
LD-68552,Lela Donovan,Corporate
SC-104401,Shaun Chance,Corporate
MP-181753,Mike Pelletier,Home Office
TS-212053,Thomas Seio,Corporate
PJ-188351,Patrick Jones,Corporate
CR-128203,Cyra Reiten,Home Office
PO-91953,Phillina Ober,Home Office
BF-112754,Beth Fritzler,Corporate
SW-203504,Sean Wendt,Home Office
FM-142904,Frank Merwin,Home Office
PM-191353,Peter McVee,Home Office
SG-208903,Susan Gilcrest,Corporate
MF-82501,Monica Federle,Corporate
BF-112753,Beth Fritzler,Corporate
JM-56551,Jim Mitchum,Corporate
SC-106801,Steve Carroll,Home Office
DJ-134203,Denny Joy,Corporate
KS-163004,Karen Seio,Corporate
SZ-200353,Sam Zeldin,Home Office
CH-120702,Cathy Hwang,Home Office
NF-184751,Neil Französisch,Home Office
AH-100754,Adam Hart,Corporate
TT-114602,Tonja Turnell,Home Office
MH-174401,Mark Haberlin,Corporate
AH-1953,Alan Haines,Corporate
NF-184752,Neil Französisch,Home Office
TH-211152,Thea Hudgings,Corporate
SH-206351,Stefanie Holloman,Corporate
LR-170351,Lisa Ryan,Corporate
SC-106802,Steve Carroll,Home Office
JD-58952,Jonathan Doherty,Corporate
FA-142301,Frank Atkinson,Corporate
DB-29102,Daniel Byrd,Home Office
TH-212354,Tiffany House,Corporate
BS-118001,Bryan Spruell,Home Office
MD-178602,Michael Dominguez,Corporate
MG-176504,Matthew Grinstein,Home Office
DK-128352,Damala Kotsonis,Corporate
BF-110054,Barry Franz,Home Office
MT-180702,Michelle Tran,Home Office
TS-213701,Todd Sumrall,Corporate
TW-210254,Tamara Willingham,Home Office
JL-151754,James Lanier,Home Office
LS-169453,Linda Southworth,Corporate
BM-115751,Brendan Murry,Corporate
HG-49653,Henry Goldwyn,Corporate
DR-128803,Dan Reichenbach,Corporate
AB-6001,Ann Blume,Corporate
EB-137503,Edward Becker,Corporate
AJ-107804,Anthony Jacobs,Corporate
BF-12751,Beth Fritzler,Corporate
RR-95251,Rick Reed,Corporate
RW-96302,Rob Williams,Corporate
NC-85352,Nick Crebassa,Corporate
JM-56553,Jim Mitchum,Corporate
RB-197054,Roger Barcio,Home Office
TZ-214452,Tom Zandusky,Corporate
BS-13652,Bill Shonely,Corporate
GG-146501,Greg Guthrie,Corporate
TT-112651,Tim Taslimi,Corporate
VT-217002,Valerie Takahito,Home Office
CR-126251,Corey Roper,Home Office
QJ-192551,Quincy Jones,Corporate
VG-218051,Vivek Grady,Corporate
NZ-185651,Nick Zandusky,Home Office
SD-104852,Shirley Daniels,Home Office
TS-211603,Theresa Swint,Corporate
GH-144104,Gary Hansen,Home Office
PB-188052,Patrick Bzostek,Home Office
FC-143353,Fred Chung,Corporate
SF-209652,Sylvia Foulston,Corporate
JS-55953,Jill Stevenson,Corporate
BB-109902,Barry Blumstein,Corporate
VT-217004,Valerie Takahito,Home Office
RB-197053,Roger Barcio,Home Office
BF-109753,Barbara Fisher,Corporate
JK-156402,Jim Kriz,Home Office
CR-26251,Corey Roper,Home Office
HE-148003,Harold Engle,Corporate
MK-179052,Michael Kennedy,Corporate
AB-100603,Adam Bellavance,Home Office
Dl-136003,Dorris liebe,Corporate
NZ-185653,Nick Zandusky,Home Office
KN-64502,Kean Nguyen,Corporate
VF-117151,Vicky Freymann,Home Office
AJ-107951,Anthony Johnson,Corporate
AG-107651,Anthony Garverick,Home Office
KH-166303,Ken Heidel,Corporate
DM-29551,Dario Medina,Corporate
CR-126254,Corey Roper,Home Office
CD-127903,Cynthia Delaney,Home Office
PB-188054,Patrick Bzostek,Home Office
TB-111901,Thomas Brumley,Home Office
BC-111251,Becky Castell,Home Office
CM-18151,Candace McMahon,Corporate
GD-45901,Giulietta Dortch,Corporate
BP-111854,Ben Peterman,Corporate
TB-211901,Thomas Brumley,Home Office
EH-40052,Erica Hernandez,Home Office
JG-58052,John Grady,Corporate
SP-206501,Stephanie Phelps,Corporate
DM-35253,Don Miller,Corporate
GG-146503,Greg Guthrie,Corporate
SV-208151,Stuart Van,Corporate
NK-184904,Neil Knudson,Home Office
PN-187753,Parhena Norris,Home Office
BG-16952,Brooke Gillingham,Corporate
SL-201551,Sara Luxemburg,Home Office
MO-178001,Meg O'Connel,Home Office
VP-217604,Victoria Pisteka,Corporate
KM-162252,Kalyca Meade,Corporate
ML-80401,Michelle Lonsdale,Corporate
EM-140954,Eudokia Martin,Corporate
SC-202601,Scott Cohen,Corporate
CG-120401,Catherine Glotzbach,Home Office
MF-182503,Monica Federle,Corporate
ON-187151,Odella Nelson,Corporate
DB-135552,Dorothy Badders,Corporate
EM-138251,Elizabeth Moffitt,Corporate
TH-115501,Tracy Hopkins,Home Office
DR-129401,Daniel Raglin,Home Office
EH-141254,Eugene Hildebrand,Home Office
NB-186552,Nona Balk,Corporate
DW-35852,Dorothy Wardle,Corporate
JS-155952,Jill Stevenson,Corporate
BS-113653,Bill Shonely,Corporate
SJ-101252,Sanjit Jacobs,Home Office
AS-102252,Alan Schoenberger,Corporate
SF-209651,Sylvia Foulston,Corporate
PC-87452,Pamela Coakley,Corporate
KB-66003,Ken Brennan,Corporate
MG-82053,Mitch Gastineau,Corporate
SC-202602,Scott Cohen,Corporate
BT-115301,Bradley Talbott,Home Office
DJ-35103,Don Jones,Corporate
MS-79802,Michael Stewart,Corporate
CG-120402,Catherine Glotzbach,Home Office
KB-66002,Ken Brennan,Corporate
AR-108252,Anthony Rawles,Corporate
RS-94201,Ricardo Sperren,Corporate
MR-175453,Mathew Reese,Home Office
RW-196303,Rob Williams,Corporate
LS-169451,Linda Southworth,Corporate
NL-183104,Nancy Lomonaco,Home Office
KN-167053,Kristina Nunn,Home Office
ER-138553,Elpida Rittenbach,Corporate
MH-76203,Matt Hagelstein,Corporate
BS-118003,Bryan Spruell,Home Office
JO-151451,Jack O'Briant,Corporate
JG-153102,Jason Gross,Corporate
SR-207404,Steven Roelle,Home Office
SC-207702,Stewart Carmichael,Corporate
PS-189703,Paul Stevenson,Home Office
HR-147703,Hallie Redmond,Home Office
KL-65552,Kelly Lampkin,Corporate
EM-138253,Elizabeth Moffitt,Corporate
LC-169604,Lindsay Castell,Home Office
AS-452,Aaron Smayling,Corporate
SP-205452,Sibella Parks,Corporate
LB-167951,Laurel Beltran,Home Office
TW-210253,Tamara Willingham,Home Office
YC-118952,Yoseph Carroll,Corporate
SC-106952,Steve Chapman,Corporate
LC-169301,Linda Cazamias,Corporate
DB-33601,Dennis Bolton,Home Office
ML-177552,Max Ludwig,Home Office
BP-110503,Barry Pond,Corporate
LO-71701,Lori Olson,Corporate
JR-62102,Justin Ritter,Corporate
EB-138403,Ellis Ballard,Corporate
JR-62103,Justin Ritter,Corporate
SJ-201253,Sanjit Jacobs,Home Office
AJ-107952,Anthony Johnson,Corporate
EB-137504,Edward Becker,Corporate
BT-13052,Beth Thompson,Home Office
ED-138853,Emily Ducich,Home Office
FW-143953,Fred Wasserman,Corporate
YC-218952,Yoseph Carroll,Corporate
LB-67952,Laurel Beltran,Home Office
AG-107652,Anthony Garverick,Home Office
EM-42001,Evan Minnotte,Home Office
RB-197953,Ross Baird,Home Office
JG-153104,Jason Gross,Corporate
HE-48002,Harold Engle,Corporate
TC-115351,Tracy Collins,Home Office
DM-133452,Denise Monton,Corporate
LS-172003,Luke Schmidt,Corporate
RP-192702,Rachel Payne,Corporate
AH-1202,Adrian Hane,Home Office
SM-103201,Sean Miller,Home Office
TB-211903,Thomas Brumley,Home Office
RB-94651,Rick Bensley,Home Office
CK-123254,Christine Kargatis,Home Office
MT-80701,Michelle Tran,Home Office
AC-104202,Alyssa Crouse,Corporate
ME-80101,Michelle Ellison,Corporate
TA-113851,Tom Ashbrook,Home Office
CB-125351,Claudia Bergmann,Corporate
NP-186853,Nora Pelletier,Home Office
JC-61051,Julie Creighton,Corporate
MT-180703,Michelle Tran,Home Office
KC-66751,Kimberly Carter,Corporate
LO-71702,Lori Olson,Corporate
RF-193451,Randy Ferguson,Corporate
AO-108103,Anthony O'Donnell,Corporate
CP-123402,Christine Phan,Corporate
CA-123102,Christine Abelman,Corporate
MG-82051,Mitch Gastineau,Corporate
MG-78901,Michael Granlund,Home Office
JP-54602,Jennifer Patt,Corporate
CS-18451,Cari Sayre,Corporate
ML-173951,Marina Lichtenstein,Corporate
LA-167803,Laura Armstrong,Corporate
MF-76652,Maureen Fritzler,Corporate
TP-215653,Tracy Poddar,Corporate
DL-34952,Dionis Lloyd,Corporate
KH-166901,Kristen Hastings,Corporate
FG-42603,Frank Gastineau,Home Office
JW-152202,Jane Waco,Corporate
HW-149352,Helen Wasserman,Corporate
BT-15301,Bradley Talbott,Home Office
CM-18301,Cari MacIntyre,Corporate
DB-35551,Dorothy Badders,Corporate
CS-21752,Charles Sheldon,Corporate
SC-207703,Stewart Carmichael,Corporate
SC-202303,Scot Coram,Corporate
MC-181303,Mike Caudle,Corporate
AT-4352,Alyssa Tate,Home Office
TS-212052,Thomas Seio,Corporate
PS-190452,Penelope Sewall,Home Office
SZ-200354,Sam Zeldin,Home Office
PC-187454,Pamela Coakley,Corporate
BS-115902,Brendan Sweed,Corporate
TC-215351,Tracy Collins,Home Office
CC-21001,Chad Cunningham,Home Office
HR-47702,Hallie Redmond,Home Office
CS-118454,Cari Sayre,Corporate
MD-178603,Michael Dominguez,Corporate
MZ-75151,Mary Zewe,Corporate
AR-103454,Alex Russell,Corporate
AS-2852,Alejandro Savely,Corporate
EB-139751,Erica Bern,Corporate
SJ-201252,Sanjit Jacobs,Home Office
TZ-214451,Tom Zandusky,Corporate
JW-52201,Jane Waco,Corporate
DB-129103,Daniel Byrd,Home Office
DS-30301,Darrin Sayre,Home Office
TB-113552,Todd Boyes,Corporate
RH-95101,Rick Huthwaite,Home Office
AG-7651,Anthony Garverick,Home Office
HJ-148752,Heather Jas,Home Office
GT-146351,Grant Thornton,Corporate
CS-121753,Charles Sheldon,Corporate
AB-102551,Alejandro Ballentine,Home Office
KH-166301,Ken Heidel,Corporate
BS-115904,Brendan Sweed,Corporate
DH-136754,Duane Huffman,Home Office
FM-42152,Filia McAdams,Corporate
RW-195401,Rick Wilson,Corporate
MH-72901,Marc Harrigan,Home Office
DP-131053,Dave Poirier,Corporate
JS-56852,Jim Sink,Corporate
HM-148603,Harry Marie,Corporate
MG-178754,Michael Grace,Home Office
MR-175451,Mathew Reese,Home Office
LC-169603,Lindsay Castell,Home Office
PV-89851,Paul Van Hugh,Home Office
EM-140951,Eudokia Martin,Corporate
JM-152652,Janet Molinari,Corporate
ES-140804,Erin Smith,Corporate
MH-76202,Matt Hagelstein,Corporate
DA-34501,Dianna Arnett,Home Office
BT-113051,Beth Thompson,Home Office
KH-163303,Katharine Harms,Corporate
EM-40952,Eudokia Martin,Corporate
RB-97051,Roger Barcio,Home Office
KN-67051,Kristina Nunn,Home Office
BE-114553,Brad Eason,Home Office
KE-164204,Katrina Edelman,Corporate
TA-213851,Tom Ashbrook,Home Office
SS-105151,Shirley Schmidt,Home Office
TC-109801,Tamara Chand,Corporate
AS-6301,Ann Steele,Home Office
NP-186852,Nora Pelletier,Home Office
ER-38551,Elpida Rittenbach,Corporate
MF-182501,Monica Federle,Corporate
KH-166903,Kristen Hastings,Corporate
CC-21002,Chad Cunningham,Home Office
SL-201554,Sara Luxemburg,Home Office
SC-202304,Scot Coram,Corporate
RH-195104,Rick Huthwaite,Home Office
CC-24301,Chuck Clark,Home Office
KC-166751,Kimberly Carter,Corporate
CK-23251,Christine Kargatis,Home Office
DA-134503,Dianna Arnett,Home Office
CR-125802,Clay Rozendal,Home Office
HH-150101,Hilary Holden,Corporate
PB-188051,Patrick Bzostek,Home Office
FW-43951,Fred Wasserman,Corporate
DH-136752,Duane Huffman,Home Office
FW-143952,Fred Wasserman,Corporate
HM-48601,Harry Marie,Corporate
NC-186252,Noah Childs,Corporate
SW-107552,Steven Ward,Corporate
SC-102302,Scot Coram,Corporate
CL-127004,Craig Leslie,Home Office
TC-214751,Tony Chapman,Home Office
PL-189252,Paul Lucas,Home Office
EA-140351,Erin Ashbrook,Corporate
TT-214601,Tonja Turnell,Home Office
BM-116503,Brian Moss,Corporate
PJ-88351,Patrick Jones,Corporate
SM-109502,Suzanne McNair,Corporate
RA-198854,Ruben Ausman,Corporate
BT-115304,Bradley Talbott,Home Office
GZ-145454,George Zrebassa,Corporate
CD-127901,Cynthia Delaney,Home Office
JM-152651,Janet Molinari,Corporate
MG-76802,Maureen Gastineau,Home Office
MG-176804,Maureen Gastineau,Home Office
KH-66903,Kristen Hastings,Corporate
CC-124304,Chuck Clark,Home Office
PW-190302,Pauline Webber,Corporate
RW-196301,Rob Williams,Corporate
TH-211151,Thea Hudgings,Corporate
CP-123404,Christine Phan,Corporate
LC-169601,Lindsay Castell,Home Office
NF-84752,Neil Französisch,Home Office
KC-166754,Kimberly Carter,Corporate
FW-143951,Fred Wasserman,Corporate
RB-194652,Rick Bensley,Home Office
HK-148903,Heather Kirkland,Corporate
LB-167953,Laurel Beltran,Home Office
EB-38402,Ellis Ballard,Corporate
DR-129403,Daniel Raglin,Home Office
SP-108601,Sung Pak,Corporate
FW-143954,Fred Wasserman,Corporate
JS-59403,Joni Sundaresam,Home Office
ND-184603,Neil Ducich,Corporate
DW-35851,Dorothy Wardle,Corporate
CS-124901,Cindy Schnelling,Corporate
AH-101952,Alan Haines,Corporate
KB-162403,Karen Bern,Corporate
SU-206654,Stephanie Ulpright,Home Office
PV-189851,Paul Van Hugh,Home Office
YC-218953,Yoseph Carroll,Corporate
FA-142303,Frank Atkinson,Corporate
DB-32702,Deborah Brumfield,Home Office
BD-115604,Brendan Dodson,Home Office
MH-174404,Mark Haberlin,Corporate
JD-58953,Jonathan Doherty,Corporate
DJ-34202,Denny Joy,Corporate
GK-146203,Grace Kelly,Corporate
PH-187904,Patricia Hirasaki,Home Office
AD-101804,Alan Dominguez,Home Office
DB-129101,Daniel Byrd,Home Office
TC-209803,Tamara Chand,Corporate
JP-161354,Julie Prescott,Home Office
JK-61203,Julie Kriz,Home Office
DH-130753,Dave Hallsten,Corporate
MG-82052,Mitch Gastineau,Corporate
PO-191802,Philisse Overcash,Home Office
MD-178601,Michael Dominguez,Corporate
RB-197954,Ross Baird,Home Office
CC-124302,Chuck Clark,Home Office
KS-63002,Karen Seio,Corporate
JJ-157601,Joel Jenkins,Home Office
BT-13952,Bill Tyler,Corporate
LO-171704,Lori Olson,Corporate
TZ-114453,Tom Zandusky,Corporate
NS-186404,Noel Staavos,Corporate
MP-181754,Mike Pelletier,Home Office
KN-64501,Kean Nguyen,Corporate
RF-93453,Randy Ferguson,Corporate
PB-188053,Patrick Bzostek,Home Office
EK-137951,Eileen Kiefer,Home Office
JK-161202,Julie Kriz,Home Office
TS-114302,Tom Stivers,Corporate
PB-92101,Phillip Breyer,Corporate
VW-217754,Victoria Wilson,Corporate
EM-142004,Evan Minnotte,Home Office
GB-45302,George Bell,Corporate
TH-212353,Tiffany House,Corporate
EL-137354,Ed Ludwig,Home Office
SZ-100351,Sam Zeldin,Home Office
PB-88052,Patrick Bzostek,Home Office
DM-29552,Dario Medina,Corporate
MH-76201,Matt Hagelstein,Corporate
AS-101352,Adrian Shami,Home Office
HR-48302,Harold Ryan,Corporate
TH-212352,Tiffany House,Corporate
SZ-200351,Sam Zeldin,Home Office
JL-151751,James Lanier,Home Office
DR-128802,Dan Reichenbach,Corporate
KE-164201,Katrina Edelman,Corporate
ME-173202,Maria Etezadi,Home Office
ES-40802,Erin Smith,Corporate
AO-8101,Anthony O'Donnell,Corporate
FC-43351,Fred Chung,Corporate
GD-145901,Giulietta Dortch,Corporate
DM-129552,Dario Medina,Corporate
AS-102854,Alejandro Savely,Corporate
AG-5252,Andy Gerbode,Corporate
RF-193452,Randy Ferguson,Corporate
GT-146354,Grant Thornton,Corporate
HG-49652,Henry Goldwyn,Corporate
SP-206201,Stefania Perrino,Corporate
BS-118004,Bryan Spruell,Home Office
VM-216854,Valerie Mitchum,Home Office
DK-32251,Dean Katz,Corporate
RB-97952,Ross Baird,Home Office
DP-31051,Dave Poirier,Corporate
ED-138852,Emily Ducich,Home Office
TB-113551,Todd Boyes,Corporate
MH-177851,Maya Herman,Corporate
JP-154602,Jennifer Patt,Corporate
AH-100302,Aaron Hawkins,Corporate
NG-83552,Nat Gilpin,Corporate
AB-602,Adam Bellavance,Home Office
HG-149651,Henry Goldwyn,Corporate
RD-198102,Ross DeVincentis,Home Office
MY-73802,Maribeth Yedwab,Corporate
AH-101201,Adrian Hane,Home Office
DH-136753,Duane Huffman,Home Office
JK-61201,Julie Kriz,Home Office
MG-182054,Mitch Gastineau,Corporate
AS-2251,Alan Schoenberger,Corporate
FH-42752,Frank Hawley,Corporate
VM-216853,Valerie Mitchum,Home Office
EK-37951,Eileen Kiefer,Home Office
RW-196302,Rob Williams,Corporate
BT-113954,Bill Tyler,Corporate
RR-95252,Rick Reed,Corporate
NF-185952,Nicole Fjeld,Home Office
FM-142902,Frank Merwin,Home Office
HW-149354,Helen Wasserman,Corporate
BB-115451,Brenda Bowman,Corporate
DG-33001,Deirdre Greer,Corporate
MC-176051,Matt Connell,Corporate
AO-108102,Anthony O'Donnell,Corporate
AG-103002,Aleksandra Gannaway,Corporate
NH-186102,Nicole Hansen,Corporate
NM-84452,Nathan Mautz,Home Office
JM-152654,Janet Molinari,Corporate
KL-165553,Kelly Lampkin,Corporate
NB-86551,Nona Balk,Corporate
EM-142002,Evan Minnotte,Home Office
CH-120703,Cathy Hwang,Home Office
VW-117751,Victoria Wilson,Corporate
AH-6901,Anna Häberlin,Corporate
CA-20551,Cathy Armstrong,Home Office
CW-19051,Carl Weiss,Home Office
PL-89252,Paul Lucas,Home Office
SU-206652,Stephanie Ulpright,Home Office
EB-137051,Ed Braxton,Corporate
LS-69753,Lindsay Shagiari,Home Office
MW-182353,Mitch Willingham,Corporate
SC-202604,Scott Cohen,Corporate
CM-18152,Candace McMahon,Corporate
SS-205153,Shirley Schmidt,Home Office
LC-69302,Linda Cazamias,Corporate
BW-11101,Bart Watters,Corporate
AP-107201,Anne Pryor,Home Office
AH-100753,Adam Hart,Corporate
DP-131052,Dave Poirier,Corporate
DG-133002,Deirdre Greer,Corporate
CH-20701,Cathy Hwang,Home Office
BN-14702,Brad Norvell,Corporate
CA-120551,Cathy Armstrong,Home Office
NF-184754,Neil Französisch,Home Office
QJ-192552,Quincy Jones,Corporate
AR-103452,Alex Russell,Corporate
CG-20401,Catherine Glotzbach,Home Office
TC-115352,Tracy Collins,Home Office
BT-113953,Bill Tyler,Corporate
BW-111101,Bart Watters,Corporate
AG-105252,Andy Gerbode,Corporate
JK-56401,Jim Kriz,Home Office
EB-137052,Ed Braxton,Corporate
MS-179802,Michael Stewart,Corporate
AH-1201,Adrian Hane,Home Office
SW-203503,Sean Wendt,Home Office
CS-122503,Chris Selesnick,Corporate
CJ-18751,Carl Jackson,Corporate
AD-101803,Alan Dominguez,Home Office
RP-198554,Roy Phan,Corporate
SS-105152,Shirley Schmidt,Home Office
AG-105253,Andy Gerbode,Corporate
NS-86402,Noel Staavos,Corporate
PP-189553,Paul Prost,Home Office
Dp-132402,Dean percer,Home Office
NL-183102,Nancy Lomonaco,Home Office
DL-34951,Dionis Lloyd,Corporate
CW-119053,Carl Weiss,Home Office
EA-140352,Erin Ashbrook,Corporate
RS-98702,Roy Skaria,Home Office
BC-11252,Becky Castell,Home Office
RB-197052,Roger Barcio,Home Office
PW-190301,Pauline Webber,Corporate
CY-27451,Craig Yedwab,Corporate
BE-114552,Brad Eason,Home Office
JD-158954,Jonathan Doherty,Corporate
MG-178904,Michael Granlund,Home Office
DH-30752,Dave Hallsten,Corporate
DM-135252,Don Miller,Corporate
BS-18002,Bryan Spruell,Home Office
DB-31202,David Bremer,Corporate
MA-175604,Matt Abelman,Home Office
CS-24902,Cindy Schnelling,Corporate
AS-451,Aaron Smayling,Corporate
JP-54601,Jennifer Patt,Corporate
JP-54603,Jennifer Patt,Corporate
SC-107701,Stewart Carmichael,Corporate
TH-211154,Thea Hudgings,Corporate
KB-164053,Katrina Bavinger,Home Office
KN-164502,Kean Nguyen,Corporate
AM-103604,Alice McCarthy,Corporate
PL-189253,Paul Lucas,Home Office
FH-143651,Fred Hopkins,Corporate
KB-62402,Karen Bern,Corporate
KH-166304,Ken Heidel,Corporate
MY-173801,Maribeth Yedwab,Corporate
RA-98852,Ruben Ausman,Corporate
RB-97951,Ross Baird,Home Office
GM-146951,Greg Maxwell,Corporate
RD-198101,Ross DeVincentis,Home Office
DE-132553,Deanra Eno,Home Office
CA-119653,Carol Adams,Corporate
CM-127154,Craig Molinari,Corporate
HG-149653,Henry Goldwyn,Corporate
CP-23402,Christine Phan,Corporate
VW-117752,Victoria Wilson,Corporate
JJ-157602,Joel Jenkins,Home Office
MH-181153,Mick Hernandez,Home Office
VP-217304,Victor Preis,Home Office
AY-105551,Andy Yotov,Corporate
CS-22502,Chris Selesnick,Corporate
EH-137651,Edward Hooks,Corporate
HD-147852,Harold Dahlen,Home Office
DV-130451,Darrin Van Huff,Corporate
CC-24302,Chuck Clark,Home Office
PP-189551,Paul Prost,Home Office
JB-160451,Julia Barnett,Home Office
BE-113352,Bill Eplett,Home Office
DR-28802,Dan Reichenbach,Corporate
BP-11852,Ben Peterman,Corporate
MA-75601,Matt Abelman,Home Office
SN-205603,Skye Norling,Home Office
CC-124303,Chuck Clark,Home Office
AS-2252,Alan Schoenberger,Corporate
PC-190001,Pauline Chand,Home Office
GG-146504,Greg Guthrie,Corporate
BS-113651,Bill Shonely,Corporate
MY-182954,Muhammed Yedwab,Corporate
CS-124002,Christopher Schild,Home Office
SW-103501,Sean Wendt,Home Office
DB-135554,Dorothy Badders,Corporate
BD-115601,Brendan Dodson,Home Office
CH-120701,Cathy Hwang,Home Office
AG-4952,Andrew Gjertsen,Corporate
PM-191351,Peter McVee,Home Office
CD-27902,Cynthia Delaney,Home Office
FG-142604,Frank Gastineau,Home Office
NK-184901,Neil Knudson,Home Office
PM-91351,Peter McVee,Home Office
VG-218053,Vivek Grady,Corporate
HR-47703,Hallie Redmond,Home Office
HR-147704,Hallie Redmond,Home Office
DA-34502,Dianna Arnett,Home Office
PK-189103,Paul Knutson,Home Office
MC-176354,Matthew Clasen,Corporate
HG-149654,Henry Goldwyn,Corporate
BT-113951,Bill Tyler,Corporate
TC-209802,Tamara Chand,Corporate
PC-187451,Pamela Coakley,Corporate
SH-99751,Sally Hughsby,Corporate
AH-100301,Aaron Hawkins,Corporate
PM-191354,Peter McVee,Home Office
JR-62101,Justin Ritter,Corporate
SL-101551,Sara Luxemburg,Home Office
BV-112451,Benjamin Venier,Corporate
MP-179651,Michael Paige,Corporate
AS-102853,Alejandro Savely,Corporate
AD-101802,Alan Dominguez,Home Office
DR-128804,Dan Reichenbach,Corporate
CY-127454,Craig Yedwab,Corporate
JC-161053,Julie Creighton,Corporate
MW-182354,Mitch Willingham,Corporate
KC-162551,Karen Carlisle,Corporate
AC-4201,Alyssa Crouse,Corporate
ML-77551,Max Ludwig,Home Office
JS-55952,Jill Stevenson,Corporate
ME-73201,Maria Etezadi,Home Office
FH-143653,Fred Hopkins,Corporate
DB-32701,Deborah Brumfield,Home Office
DR-29401,Daniel Raglin,Home Office
JO-155504,Jesus Ocampo,Home Office
AD-1802,Alan Dominguez,Home Office
TT-114601,Tonja Turnell,Home Office
TZ-214453,Tom Zandusky,Corporate
DJ-34201,Denny Joy,Corporate
CJ-18752,Carl Jackson,Corporate
VF-217152,Vicky Freymann,Home Office
JS-156853,Jim Sink,Corporate
Dl-136004,Dorris liebe,Corporate
NC-186254,Noah Childs,Corporate
NB-85802,Nicole Brennan,Corporate
MK-79051,Michael Kennedy,Corporate
CV-28051,Cynthia Voltz,Corporate
AS-100451,Aaron Smayling,Corporate
FM-142152,Filia McAdams,Corporate
HW-49351,Helen Wasserman,Corporate
AS-102254,Alan Schoenberger,Corporate
KD-166151,Ken Dana,Corporate
BT-13051,Beth Thompson,Home Office
LB-167952,Laurel Beltran,Home Office
SN-207101,Steve Nguyen,Home Office
QJ-92552,Quincy Jones,Corporate
KM-163752,Katherine Murray,Home Office
FC-143354,Fred Chung,Corporate
VT-217003,Valerie Takahito,Home Office
NG-83553,Nat Gilpin,Corporate
DV-130452,Darrin Van Huff,Corporate
FC-142454,Frank Carlisle,Home Office
BM-16503,Brian Moss,Corporate
TA-213852,Tom Ashbrook,Home Office
NL-83101,Nancy Lomonaco,Home Office
EH-41252,Eugene Hildebrand,Home Office
CA-120552,Cathy Armstrong,Home Office
JP-61351,Julie Prescott,Home Office
TS-212054,Thomas Seio,Corporate
RS-94203,Ricardo Sperren,Corporate
LS-172002,Luke Schmidt,Corporate
DK-128351,Damala Kotsonis,Corporate
CK-123252,Christine Kargatis,Home Office
DM-129553,Dario Medina,Corporate
LA-167802,Laura Armstrong,Corporate
YS-218802,Yana Sorensen,Corporate
EB-39752,Erica Bern,Corporate
ME-173201,Maria Etezadi,Home Office
AB-102553,Alejandro Ballentine,Home Office
AS-102852,Alejandro Savely,Corporate
RP-92702,Rachel Payne,Corporate
SL-101552,Sara Luxemburg,Home Office
BP-10952,Bart Pistole,Corporate
AC-6152,Ann Chong,Corporate
RD-198104,Ross DeVincentis,Home Office
RR-195251,Rick Reed,Corporate
GH-44102,Gary Hansen,Home Office
KS-63001,Karen Seio,Corporate
MY-182952,Muhammed Yedwab,Corporate
BM-16502,Brian Moss,Corporate
NP-186854,Nora Pelletier,Home Office
RM-196752,Robert Marley,Home Office
CM-26552,Corinna Mitchell,Home Office
RS-94202,Ricardo Sperren,Corporate
AJ-7952,Anthony Johnson,Corporate
AB-2551,Alejandro Ballentine,Home Office
CC-121004,Chad Cunningham,Home Office
LS-169452,Linda Southworth,Corporate
BE-113351,Bill Eplett,Home Office
LA-67801,Laura Armstrong,Corporate
CP-120851,Cathy Prescott,Corporate
FC-42451,Frank Carlisle,Home Office
HR-148302,Harold Ryan,Corporate
BC-111253,Becky Castell,Home Office
FC-143352,Fred Chung,Corporate
GB-145301,George Bell,Corporate
JG-158053,John Grady,Corporate
NG-183554,Nat Gilpin,Corporate
PA-90602,Pete Armstrong,Home Office
AW-9302,Arthur Wiediger,Home Office
KD-166153,Ken Dana,Corporate
BM-15751,Brendan Murry,Corporate
CP-123403,Christine Phan,Corporate
NB-186551,Nona Balk,Corporate
SU-206651,Stephanie Ulpright,Home Office
KH-166302,Ken Heidel,Corporate
AG-103003,Aleksandra Gannaway,Corporate
NC-86252,Noah Childs,Corporate
VB-117452,Victoria Brennan,Corporate
DW-31951,David Wiener,Corporate
EM-141403,Eugene Moren,Home Office
FG-142603,Frank Gastineau,Home Office
DB-132704,Deborah Brumfield,Home Office
NF-84751,Neil Französisch,Home Office
DW-134803,Dianna Wilson,Home Office
DA-134502,Dianna Arnett,Home Office
AS-101354,Adrian Shami,Home Office
KB-64051,Katrina Bavinger,Home Office
SH-206353,Stefanie Holloman,Corporate
BS-13801,Bill Stewart,Corporate
JB-54001,Jennifer Braxton,Corporate
CB-25351,Claudia Bergmann,Corporate
SP-205453,Sibella Parks,Corporate
TS-113702,Todd Sumrall,Corporate
BW-11102,Bart Watters,Corporate
CS-22501,Chris Selesnick,Corporate
JP-161351,Julie Prescott,Home Office
BO-13502,Bill Overfelt,Corporate
EB-138404,Ellis Ballard,Corporate
TP-215651,Tracy Poddar,Corporate
DM-29553,Dario Medina,Corporate
HM-148601,Harry Marie,Corporate
TH-115503,Tracy Hopkins,Home Office
MP-174703,Mark Packer,Home Office
JD-58951,Jonathan Doherty,Corporate
LC-169303,Linda Cazamias,Corporate
BM-116504,Brian Moss,Corporate
AH-101951,Alan Haines,Corporate
SF-109652,Sylvia Foulston,Corporate
SF-109651,Sylvia Foulston,Corporate
ND-184601,Neil Ducich,Corporate
TH-212351,Tiffany House,Corporate
MA-75602,Matt Abelman,Home Office
GH-144853,Gene Hale,Corporate
NC-185354,Nick Crebassa,Corporate
MZ-175154,Mary Zewe,Corporate
KH-163302,Katharine Harms,Corporate
TC-211451,Theresa Coyne,Corporate
SD-204851,Shirley Daniels,Home Office
AB-601,Adam Bellavance,Home Office
MZ-73351,Maria Zettner,Home Office
DE-132552,Deanra Eno,Home Office
TS-214303,Tom Stivers,Corporate
PO-91951,Phillina Ober,Home Office
JS-159404,Joni Sundaresam,Home Office
GH-144101,Gary Hansen,Home Office
SG-108901,Susan Gilcrest,Corporate
SU-206653,Stephanie Ulpright,Home Office
Dp-32402,Dean percer,Home Office
SR-104253,Sharelle Roach,Home Office
EM-41402,Eugene Moren,Home Office
KF-162851,Karen Ferguson,Home Office
Dp-32403,Dean percer,Home Office
MM-182804,Muhammed MacIntyre,Corporate
SC-102601,Scott Cohen,Corporate
DP-33902,Dennis Pardue,Home Office
TS-214301,Tom Stivers,Corporate
TS-214304,Tom Stivers,Corporate
AG-103001,Aleksandra Gannaway,Corporate
JK-161204,Julie Kriz,Home Office
DP-131051,Dave Poirier,Corporate
SR-204251,Sharelle Roach,Home Office
TC-111452,Theresa Coyne,Corporate
NB-86552,Nona Balk,Corporate
SC-206953,Steve Chapman,Corporate
JL-151753,James Lanier,Home Office
BF-9751,Barbara Fisher,Corporate
KH-63302,Katharine Harms,Corporate
SG-208904,Susan Gilcrest,Corporate
GB-45303,George Bell,Corporate
JK-161201,Julie Kriz,Home Office
SC-206803,Steve Carroll,Home Office
DE-32552,Deanra Eno,Home Office
SZ-200352,Sam Zeldin,Home Office
SZ-100352,Sam Zeldin,Home Office
AJ-107801,Anthony Jacobs,Corporate
AJ-107954,Anthony Johnson,Corporate
CM-118303,Cari MacIntyre,Corporate
CS-21751,Charles Sheldon,Corporate
MG-76801,Maureen Gastineau,Home Office
DK-128354,Damala Kotsonis,Corporate
AH-6902,Anna Häberlin,Corporate
CC-121001,Chad Cunningham,Home Office
BV-112452,Benjamin Venier,Corporate
JD-161501,Justin Deggeller,Corporate
NL-183103,Nancy Lomonaco,Home Office
MG-176502,Matthew Grinstein,Home Office
KM-163751,Katherine Murray,Home Office
BV-12451,Benjamin Venier,Corporate
SC-206802,Steve Carroll,Home Office
GP-47402,Guy Phonely,Corporate
JM-156553,Jim Mitchum,Corporate
EH-37651,Edward Hooks,Corporate
NK-184903,Neil Knudson,Home Office
CK-127603,Cyma Kinney,Corporate
MG-178751,Michael Grace,Home Office
BE-114551,Brad Eason,Home Office
PA-190604,Pete Armstrong,Home Office
SC-206801,Steve Carroll,Home Office
BT-114852,Brad Thomas,Home Office
BG-116952,Brooke Gillingham,Corporate
TH-111153,Thea Hudgings,Corporate
ML-177554,Max Ludwig,Home Office
PB-88051,Patrick Bzostek,Home Office
KH-63301,Katharine Harms,Corporate
EM-141402,Eugene Moren,Home Office
CK-127602,Cyma Kinney,Corporate
AB-106004,Ann Blume,Corporate
SR-207401,Steven Roelle,Home Office
TT-212651,Tim Taslimi,Corporate
JP-161352,Julie Prescott,Home Office
RS-194203,Ricardo Sperren,Corporate
GR-145603,Georgia Rosenberg,Corporate
MC-74252,Mark Cousins,Corporate
JB-154003,Jennifer Braxton,Corporate
DL-134952,Dionis Lloyd,Corporate
SR-204253,Sharelle Roach,Home Office
RS-197651,Roland Schwarz,Corporate
DL-134954,Dionis Lloyd,Corporate
AS-106304,Ann Steele,Home Office
ML-180402,Michelle Lonsdale,Corporate
CB-125353,Claudia Bergmann,Corporate
BC-111252,Becky Castell,Home Office
TS-114301,Tom Stivers,Corporate
KN-167052,Kristina Nunn,Home Office
JS-159403,Joni Sundaresam,Home Office
BF-112154,Benjamin Farhat,Home Office
MH-74403,Mark Haberlin,Corporate
CS-124902,Cindy Schnelling,Corporate
TB-211904,Thomas Brumley,Home Office
CS-24001,Christopher Schild,Home Office
DM-33452,Denise Monton,Corporate
EB-37502,Edward Becker,Corporate
JB-60452,Julia Barnett,Home Office
MM-82802,Muhammed MacIntyre,Corporate
VP-217603,Victoria Pisteka,Corporate
MP-181751,Mike Pelletier,Home Office
TS-211601,Theresa Swint,Corporate
AS-2851,Alejandro Savely,Corporate
BM-116502,Brian Moss,Corporate
DK-131501,David Kendrick,Corporate
VG-118052,Vivek Grady,Corporate
CS-124904,Cindy Schnelling,Corporate
KB-162404,Karen Bern,Corporate
BN-14701,Brad Norvell,Corporate
PC-187452,Pamela Coakley,Corporate
PS-189702,Paul Stevenson,Home Office
LW-169903,Lindsay Williams,Corporate
CR-26253,Corey Roper,Home Office
PW-90302,Pauline Webber,Corporate
AC-104201,Alyssa Crouse,Corporate
TB-211754,Thomas Boland,Corporate
TW-210251,Tamara Willingham,Home Office
JP-161353,Julie Prescott,Home Office
LR-70351,Lisa Ryan,Corporate
RB-96452,Robert Barroso,Corporate
BO-13501,Bill Overfelt,Corporate
DW-31952,David Wiener,Corporate
LO-171701,Lori Olson,Corporate
DP-33903,Dennis Pardue,Home Office
HJ-148751,Heather Jas,Home Office
TH-112351,Tiffany House,Corporate
KB-165854,Ken Black,Corporate
DH-130752,Dave Hallsten,Corporate
ML-173952,Marina Lichtenstein,Corporate
BS-115901,Brendan Sweed,Corporate
LA-67802,Laura Armstrong,Corporate
CC-121003,Chad Cunningham,Home Office
LW-68252,Laurel Workman,Corporate
TH-112352,Tiffany House,Corporate
MC-174254,Mark Cousins,Corporate
PC-87451,Pamela Coakley,Corporate
SP-106202,Stefania Perrino,Corporate
AW-109302,Arthur Wiediger,Home Office
MP-74701,Mark Packer,Home Office
AH-101202,Adrian Hane,Home Office
TH-215503,Tracy Hopkins,Home Office
DR-129402,Daniel Raglin,Home Office
CS-121751,Charles Sheldon,Corporate
CK-123251,Christine Kargatis,Home Office
CL-127003,Craig Leslie,Home Office
RS-97652,Roland Schwarz,Corporate
AG-3002,Aleksandra Gannaway,Corporate
CC-124301,Chuck Clark,Home Office
TW-110252,Tamara Willingham,Home Office
NM-184454,Nathan Mautz,Home Office
CA-19652,Carol Adams,Corporate
CK-23252,Christine Kargatis,Home Office
MT-180704,Michelle Tran,Home Office
TB-111902,Thomas Brumley,Home Office
HD-47851,Harold Dahlen,Home Office
GD-45902,Giulietta Dortch,Corporate
LW-168252,Laurel Workman,Corporate
TS-112051,Thomas Seio,Corporate
VP-217302,Victor Preis,Home Office
SN-107101,Steve Nguyen,Home Office
EK-137954,Eileen Kiefer,Home Office
NL-83102,Nancy Lomonaco,Home Office
RR-195252,Rick Reed,Corporate
DM-135254,Don Miller,Corporate
MM-82801,Muhammed MacIntyre,Corporate
HR-48301,Harold Ryan,Corporate
MF-182504,Monica Federle,Corporate
KB-164052,Katrina Bavinger,Home Office
KC-162552,Karen Carlisle,Corporate
MM-182802,Muhammed MacIntyre,Corporate
GM-46952,Greg Maxwell,Corporate
TB-213551,Todd Boyes,Corporate
BP-10951,Bart Pistole,Corporate
NZ-85651,Nick Zandusky,Home Office
PB-192102,Phillip Breyer,Corporate
PO-191803,Philisse Overcash,Home Office
DM-129551,Dario Medina,Corporate
EH-140052,Erica Hernandez,Home Office
AR-8252,Anthony Rawles,Corporate
NS-186401,Noel Staavos,Corporate
MG-176503,Matthew Grinstein,Home Office
MH-176204,Matt Hagelstein,Corporate
SC-100501,Sample Company A,Home Office
SP-208601,Sung Pak,Corporate
EM-138254,Elizabeth Moffitt,Corporate
RB-97052,Roger Barcio,Home Office
ML-173954,Marina Lichtenstein,Corporate
PS-190454,Penelope Sewall,Home Office
AM-3602,Alice McCarthy,Corporate
KH-66301,Ken Heidel,Corporate
AH-1952,Alan Haines,Corporate
AC-106153,Ann Chong,Corporate
SN-207103,Steve Nguyen,Home Office
SP-106501,Stephanie Phelps,Corporate
Dp-132404,Dean percer,Home Office
ML-77553,Max Ludwig,Home Office
CP-23401,Christine Phan,Corporate
NC-185353,Nick Crebassa,Corporate
SF-209653,Sylvia Foulston,Corporate
RP-192703,Rachel Payne,Corporate
MA-179953,Michelle Arnett,Home Office
ME-180104,Michelle Ellison,Corporate
PC-190003,Pauline Chand,Home Office
KN-67052,Kristina Nunn,Home Office
KN-164501,Kean Nguyen,Corporate
MS-79801,Michael Stewart,Corporate
EM-42002,Evan Minnotte,Home Office
CP-120853,Cathy Prescott,Corporate
BM-116501,Brian Moss,Corporate
CS-118453,Cari Sayre,Corporate
FH-142752,Frank Hawley,Corporate
SW-107553,Steven Ward,Corporate
MG-78751,Michael Grace,Home Office
BS-113804,Bill Stewart,Corporate
LW-169901,Lindsay Williams,Corporate
DV-130454,Darrin Van Huff,Corporate
KC-162553,Karen Carlisle,Corporate
DL-134951,Dionis Lloyd,Corporate
MR-75452,Mathew Reese,Home Office
ND-184602,Neil Ducich,Corporate
BN-114701,Brad Norvell,Corporate
PK-189104,Paul Knutson,Home Office
EH-140053,Erica Hernandez,Home Office
MC-176054,Matt Connell,Corporate
ED-38852,Emily Ducich,Home Office
LS-169753,Lindsay Shagiari,Home Office
BP-11851,Ben Peterman,Corporate
FG-142602,Frank Gastineau,Home Office
BC-111254,Becky Castell,Home Office
JO-155501,Jesus Ocampo,Home Office
TT-112652,Tim Taslimi,Corporate
SP-106201,Stefania Perrino,Corporate
RR-195253,Rick Reed,Corporate
JK-153251,Jason Klamczynski,Corporate
JL-51752,James Lanier,Home Office
MC-74251,Mark Cousins,Corporate
TB-211902,Thomas Brumley,Home Office
JB-60451,Julia Barnett,Home Office
TT-212654,Tim Taslimi,Corporate
TS-214302,Tom Stivers,Corporate
SC-200502,Sample Company A,Home Office
FA-142304,Frank Atkinson,Corporate
RD-96603,Robert Dilbeck,Home Office
DM-33451,Denise Monton,Corporate
LS-69453,Linda Southworth,Corporate
CW-119051,Carl Weiss,Home Office
RH-195103,Rick Huthwaite,Home Office
KE-164202,Katrina Edelman,Corporate
GT-46352,Grant Thornton,Corporate
MP-179652,Michael Paige,Corporate
RA-98853,Ruben Ausman,Corporate
CY-127451,Craig Yedwab,Corporate
RD-196604,Robert Dilbeck,Home Office
PW-190303,Pauline Webber,Corporate
KB-62401,Karen Bern,Corporate
PM-91352,Peter McVee,Home Office
CL-27001,Craig Leslie,Home Office
HK-48903,Heather Kirkland,Corporate
BB-9901,Barry Blumstein,Corporate
SM-209503,Suzanne McNair,Corporate
ED-138851,Emily Ducich,Home Office
PJ-188352,Patrick Jones,Corporate
JR-162102,Justin Ritter,Corporate
JS-156852,Jim Sink,Corporate
CR-126252,Corey Roper,Home Office
SM-203201,Sean Miller,Home Office
CH-20702,Cathy Hwang,Home Office
MC-76352,Matthew Clasen,Corporate
SM-203202,Sean Miller,Home Office
JE-156104,Jim Epp,Corporate
AR-103453,Alex Russell,Corporate
PN-187754,Parhena Norris,Home Office
PO-191952,Phillina Ober,Home Office
SN-205601,Skye Norling,Home Office
BB-115454,Brenda Bowman,Corporate
JD-158952,Jonathan Doherty,Corporate
BS-118002,Bryan Spruell,Home Office
BT-115303,Bradley Talbott,Home Office
DM-129554,Dario Medina,Corporate
SS-101403,Saphhira Shifley,Corporate
GH-144854,Gene Hale,Corporate
QJ-192554,Quincy Jones,Corporate
GH-44101,Gary Hansen,Home Office
CG-20402,Catherine Glotzbach,Home Office
KM-63751,Katherine Murray,Home Office
ER-138554,Elpida Rittenbach,Corporate
ME-73202,Maria Etezadi,Home Office
BB-109901,Barry Blumstein,Corporate
AR-108253,Anthony Rawles,Corporate
RA-198853,Ruben Ausman,Corporate
DH-130754,Dave Hallsten,Corporate
BF-111701,Ben Ferrer,Home Office
NB-85803,Nicole Brennan,Corporate
LW-168253,Laurel Workman,Corporate
AC-104204,Alyssa Crouse,Corporate
AS-100452,Aaron Smayling,Corporate
TC-209801,Tamara Chand,Corporate
KD-64952,Keith Dawkins,Corporate
CP-120854,Cathy Prescott,Corporate
MG-176801,Maureen Gastineau,Home Office
KN-167051,Kristina Nunn,Home Office
RH-195101,Rick Huthwaite,Home Office
Dp-132403,Dean percer,Home Office
MW-182352,Mitch Willingham,Corporate
TH-111152,Thea Hudgings,Corporate
JD-61502,Justin Deggeller,Corporate
PH-187902,Patricia Hirasaki,Home Office
VB-217451,Victoria Brennan,Corporate
AS-106303,Ann Steele,Home Office
AG-5251,Andy Gerbode,Corporate
ND-84602,Neil Ducich,Corporate
DK-132254,Dean Katz,Corporate
SN-205602,Skye Norling,Home Office
MC-76052,Matt Connell,Corporate
TT-212652,Tim Taslimi,Corporate
NP-186851,Nora Pelletier,Home Office
DB-133601,Dennis Bolton,Home Office
CM-27151,Craig Molinari,Corporate
DR-129404,Daniel Raglin,Home Office
JE-61652,Justin Ellison,Corporate
SS-201404,Saphhira Shifley,Corporate
KD-164953,Keith Dawkins,Corporate
TN-210404,Tanja Norvell,Home Office
JR-162101,Justin Ritter,Corporate
DW-135853,Dorothy Wardle,Corporate
JS-55951,Jill Stevenson,Corporate
HK-148901,Heather Kirkland,Corporate
CA-119651,Carol Adams,Corporate
MP-79652,Michael Paige,Corporate
AB-2553,Alejandro Ballentine,Home Office
MH-176202,Matt Hagelstein,Corporate
MO-178004,Meg O'Connel,Home Office
SV-208153,Stuart Van,Corporate
DV-30451,Darrin Van Huff,Corporate
AG-7652,Anthony Garverick,Home Office
BS-113801,Bill Stewart,Corporate
HE-148002,Harold Engle,Corporate
MH-177854,Maya Herman,Corporate
GK-146201,Grace Kelly,Corporate
NG-83551,Nat Gilpin,Corporate
JC-161054,Julie Creighton,Corporate
SV-208154,Stuart Van,Corporate
DB-31201,David Bremer,Corporate
DP-31052,Dave Poirier,Corporate
MH-172903,Marc Harrigan,Home Office
CJ-118751,Carl Jackson,Corporate
AH-100752,Adam Hart,Corporate
DR-128801,Dan Reichenbach,Corporate
FC-42452,Frank Carlisle,Home Office
AJ-7801,Anthony Jacobs,Corporate
BM-115753,Brendan Murry,Corporate
AJ-7951,Anthony Johnson,Corporate
CV-28052,Cynthia Voltz,Corporate
CS-122501,Chris Selesnick,Corporate
SV-108153,Stuart Van,Corporate
TC-114751,Tony Chapman,Home Office
JE-161652,Justin Ellison,Corporate
HH-150102,Hilary Holden,Corporate
NF-185954,Nicole Fjeld,Home Office
AB-2552,Alejandro Ballentine,Home Office
GP-147403,Guy Phonely,Corporate
NH-186104,Nicole Hansen,Corporate
LS-169752,Lindsay Shagiari,Home Office
RB-196453,Robert Barroso,Corporate
TC-215354,Tracy Collins,Home Office
ES-140802,Erin Smith,Corporate
LW-169902,Lindsay Williams,Corporate
AG-4953,Andrew Gjertsen,Corporate
SV-108151,Stuart Van,Corporate
TS-211602,Theresa Swint,Corporate
AH-106903,Anna Häberlin,Corporate
AH-106902,Anna Häberlin,Corporate
BM-115754,Brendan Murry,Corporate
NH-86101,Nicole Hansen,Corporate
GR-145604,Georgia Rosenberg,Corporate
RS-197654,Roland Schwarz,Corporate
EM-140952,Eudokia Martin,Corporate
